song_id,song_name,artist,album,Like_Count,Lyric,cover_url
6137331,Control,GHOST9(고스트나인),NOW : Who we are facing,[9],원하잖아          멀지 않은 곳  예정된 운명의  그 심포니 널 걸어봐           더 빠르게 뜨겁게 달려  마치      선율 위에   나의 가 될 그 역작  새겨져 자극적인   너를 꿈꾸며  날아     둘만으로도 완벽해  어둠 속에 향연  뜨거운 갈증 속에 목이 말라  널 지휘하는   스며들어 가는 오감  손끝 따라       심장을 뒤덮는 감각          느껴봐   시작된 적막 위로  결국 난 너를 깨워  짙은 밤을 넘어   똑바로 나를 봐   집중해   널 연주해  뻔한 흐름 속에  날 찾아    숨겨진   널 움직여  너를 꿈꾸며  날아        둘만으로도 완벽해  어둠 속에 향연  뜨거운 갈증 속에  목이 말라  목이 말라  널 지휘하는   스며들어 가는 오감  손끝 따라       심장을 뒤덮는 감각          느껴봐   시작된 적막 위로  결국 난 너를 깨워  짙은 밤을 넘어   네 맘을 홀릴 에  메마른 목을 채워  너로 인해서 시작되는걸  또 너로 인해 완성되는 마지막 향연  네가 없인 길을 잃지        널 지휘하는   스며들어 가는 오감  손끝 따라       심장을 뒤덮는 감각          느껴봐   시작된 적막 위로  결국 난 너를 깨워  짙은 밤을 넘어 ,https://image.bugsm.co.kr/album/images/200/40680/4068037.jpg?version=20211126004607.0
6137100,모르겠어,어반자카파,이 별,[129],날 보는 눈빛이  남들을 볼 때와 별다를 게 없고  내가 하는 얘기엔 관심도 없고  그렇게 마지못해 고갤 끄덕이고  언제부터인지  나 혼자만 먼저 연락한다 느끼고  우리 얘기 좀 해 서운함 내비칠 때면  미안해 내가 더 잘할게 또 그때뿐  모르겠어  계속 노력하고 있다는 니 진심을  정말 날 사랑하는 마음 때문인 건지  아니면 그저 나에 대한 미안함인지  늦은 밤 연락 와서  얼굴 보고할 말이 있어 불러내고  막상 만나면 아무것도 아냐 둘러대고  어색한 표정에 자꾸 한숨만 내쉬고  모르겠어  계속 노력하고 있다는 니 진심을  정말 날 사랑하는 마음 때문인 건지  아니면 그저 나에 대한 미안함인지  달라진 널 알면서도  그냥 나 여기 있을게  이별을 기다리는 널 보면서  모르겠어  계속 노력하고 있다는 니 진심을  정말 날 사랑하는 마음 때문인 건지  아니면 그저 나에 대한 미안함인지  알고 싶어  아무것도 바라지 않던 그 순수함  사랑이 모든 걸 해결할 수 있다던 그 무모함  그 마음은 어디에  이별을 기다리는 널 보면서,https://image.bugsm.co.kr/album/images/200/40679/4067922.jpg?version=20211126010357.0
32391985,놀,박화요비,놀,[21],지친 우리 하루 끝엔  늘 저 놀이 기다렸네  힘들지 물어오면  난 널 더 깊이 안았어  미안해  그 말은 너무 많이 했더라  아껴두고 싶어  사랑해  그 말이 너무 모자라서  때론 서운했을 거야  기다리면 그 언젠가 좋은 날이  우리에게도 와 주리라 믿으며  함께했던 이 순간이 먼 추억이 될 날까지  서로의 모든 슬픔과 행복을 함께하길  기도해  미안해  그 말은 너무 많이 했더라  아껴두고 싶어  사랑해  그 말이 너무 모자라서  때론 서운했을 거야  기다리면 그 언젠가 좋은 날이  우리에게도 와 주리라 믿으며  함께했던 이 순간이 먼 추억이 될 날까지  서로의 모든 슬픔과 행복을 함께하길  기도해,https://image.bugsm.co.kr/album/images/200/204343/20434347.jpg?version=20211125180021.0
32390155,나침반 (Feat. 개리),TRADE L,Time Table - The Trip,[15],발을 디디기엔 아직 겁이 나  이런 감정은 아마 내게 처음이야  니 눈에 비친 내 얼굴은 이미  겁에 가득 질려 곧 터질 거야     대신 너의 허리춤을 잡아  그게 더 맘이 놓여  지금 난 어린 소년  어른과 아이 그 중간에 우린 헤매요  얼음 같아 우린 다 감정을 잃어버렸지만  어떻게 이게 그냥 나인걸 어떻게  자연재해처럼 피하지 못해 당연해   몇 번의 계절이 바뀌고  다시        아픔만 가득했던 아이의  고민들도 이젠 다             눈을 감아  저 바람에 스치는 내 옷자락    이젠 겁이 안 나  나 이겨낸 걸까  아님 무뎌진 걸까  너의 향기는 돼줘 나의 나침반  내 곁에 머물러줘 내일 아침만    메마른 내 맘에  이제 막 비가 내리기 시작하니깐    방향을 알려줘  맞게 가고 있는지 두려워 많이  어른들은 다 겪었대지만  내 차례는 지금이라 많이 헤맵니다  방향을 알려줘  맞게 가고 있는지 두려워 많이  어른들은 다 겪었대지만  내 차례는 지금이라 많이 헤맵니다  저 사람들은 자꾸 내게 불을 지펴  제일 훌륭한 장작이라 그런가 싶어  기분은 좋았다가 나빴다가 막 반복  나도 알아 근데 속아주는 내가 바보인가 봐  왜 측은하게 바라봐 우린 똑같아  너희들 땜에 식은 내   틀린 적 없는 내   얘넨 억지로 해  왜냐 잘 보이기 위해  결국엔 음악이 날 위로해  지친 몸을 안아주는 건 오직 이불이네  밤에 잠을 설쳐 악몽 땜에             늘 궁금했지  난 과연 어떤 삶을 살게 될까  노력하면 정말 원하는 대로 살아질까  낳고 자란 이곳이 기회의 땅이 될까  출퇴근 없는 삶을 살기 위해  매일 코피 터지며 일해  빡시게 살아왔네  한가한 평일 큰 마트에 가  크게 한입 베어먹던 피자  그 시간이 그렇게 좋더라고  별거 아닌 거 같지만  상상이상의 꿈들이 현실이 된 순간  내 삶의 반 이상이 좋은 날  하지만 시작은 고민이 많았어  몇 날 며칠을 잔고를 때리다가  어느 날 밤  심플하게 내려진 답  어차피 개천에선 용 되는 방법은 딱 하나  도전  써 본 적 없던 가사와 훅  만들어가며 한숨 후  내뱉어 가며 밤샜던  그때가 내 인생 최고의 승부처      눈을 감아  저 바람에 스치는 내 옷자락    이젠 겁이 안 나  나 이겨낸 걸까  아님 무뎌진 걸까  너의 향기는 돼줘 나의 나침반  내 곁에 머물러줘 내일 아침만    메마른 내 맘에  이제 막 비가 내리기 시작하니깐    방향을 알려줘  맞게 가고 있는지 두려워 많이  어른들은 다 겪었대지만  내 차례는 지금이라 많이 헤맵니다  방향을 알려줘  맞게 가고 있는지 두려워 많이  어른들은 다 겪었대지만  내 차례는 지금이라 많이 헤맵니다  발을 디디기엔 아직 겁이 나  이런 감정은 아마 내게 처음이야,https://image.bugsm.co.kr/album/images/200/204339/20433923.jpg?version=20211126010341.0
6137323,Designer,히오,Designer,[9],더하고 뺄 것 없는 느낌   딱 맞춘 것처럼  나를 감싼 빛을 봐     내 주위를 빙빙 도는   수많은 시선들  오직 나를 위한                터질듯한 순간 어둠이 와  달콤한 그 말로 날 바꾸진 마 부르지마  내 맘이 말해야 말해야 말해야                                   색다른 색들로 그려질 밤이야              나의 로  때론  때론   난 나를 잘 알아                    내게 맞는 세상을     내게 맞는 컬러를     어울리지 않는 건                                          바로 이 순간을 꿈꿔왔던 걸  내 우주의 별은 내가 골라  반짝이는 빛을 발견한 순간  내 맘이 말해야 말해야 말해야                                    색다른 색들로 그려질 밤이야              나의 로  때론  때론   난 나를 잘 알아                    난 나로 완전해 잴 것 없이  난 이미 준비된   나의 뮤즈는 오로지 나란 걸     지금                        색다른 색들로 그려질 밤이야              나의 로  때론  때론  난 나를 잘 알아               ,https://image.bugsm.co.kr/album/images/200/40680/4068031.jpg?version=20211126004312.0
32394025,슬픈 사랑이야기,김다나,New 사랑과 전쟁 OST Part.8,[5],내 가슴이 너무 아픈데  말 못하는 이 사랑을 잃기 싫은데  내 사랑이 너무 메이는데  같이 할 수 없는 사랑인줄 알기에  주어진 내 시간은 여기까지인데  너무도 간절하고 소중한 사랑을  눈물로 그대를 보냅니다  이별의 순간도 뜯긴 나의 심장도  내 영혼속에 묻어요  그 누구보다 부디 행복하길  하늘에서도 기도할께요  주어진 내 시간은 여기까지인데  너무도 간절하고 소중한 내 사랑을  눈물로 그대를 보냅니다  이별의 순간도 뜯긴 나의 심장도  내 영혼속에 묻어요  그 누구보다 부디 행복하길  하늘에서도 기도할께요  이별의 순간도 뜯긴 나의 심장도  내 영혼속에 묻어요  그 누구보다 부디 행복하길  하늘에서도 기도할께요  우리의 슬픈 사랑 이야기,https://image.bugsm.co.kr/album/images/200/204347/20434783.jpg?version=20211126005337.0
83901700,Red Card,YELO(옐로),Red Card,[5],휘슬이 들렸고 내 손에 쥐어진 카드    한숨이 터졌고 격하게 뿌리쳤지      너란 게임에 난 중독됐고       휘슬이 들려 그때야 멈춰 섰지    이건 낯설지 않은 그래 더러운 감정  난 설명을 하지 못해 우리 사이  네 대기 번호표에는 나 걔 쟤 다 번  다치고 싶지 않아 더              주머니 속에 두 번째 카드            내가 나갈게    몇 번의 시행착오를 거쳐 세워둔 견고한 벽은  낯익은 감정 순식간에 금이 갔지            나만 남아있는 텅 빈    익숙한 이 상황들 뻔하디뻔해 넌 잠만 잘 잤지 그래    이건 낯설지 않은 그래 위험한 감정  다치고 싶지 않아 더             주머니 속에 두 번째 카드            내가 나갈게             주머니 속에 두 번째 카드            내가 나갈게,https://image.bugsm.co.kr/album/images/200/163935/16393576.jpg?version=20211126063822.0
6137309,어떻게 잊어,산체스(Sanchez),어떻게 잊어,[2],어떻게 잊어  난 못 잊어 음           가지 말아줘 제발  우리 참 좋았었는데 그땐  많이 사랑했기에  더욱 더 애틋한걸  이기적인 나 때문에  달아나고만거야  시리고 아파와  너 없이는 안되나봐  이 겨울이 지나고 나면   괜찮아질까  어떻게 잊어 너를      난 못 잊어 음  너의 사랑이  아직 남아있어  한순간도  널 잊은 적  없단말이야 제발  시리고 아파와  너없이는 안되나봐  오늘은 꼭 잊을꺼라고  다짐했지만  어떻게 잊어 널       가지마 날 두고  있어줘 조금만 더  돌아와줄래  내 곁으로  어떻게 잊어 너를  아직 사랑하고 있어  넌 모를거야  하나도 변한게 없어  너만 바라보는게  가장 나 답고  가장 행복한 일  너무 보고싶어 너가,https://image.bugsm.co.kr/album/images/200/40680/4068027.jpg?version=20211125201607.0
32391976,D-day,Brick(브릭),D-day,[2],말을 걸어봐   뭐든 좋으니까   오는 반응들이 날  매일 설레게 하니까              또 말 걸어봐 니 생각은 어때                              나의 시작의 끝은 너  나 여기서      이제 더            너를 기다리다가 멍하니 나  너와 나 사이에  애매한 사이에  좁히는 사이에         오늘 이 밤에  너의 그 맘에  나를 찾을게           말을 걸어봐   뭐든 좋으니까   오는 반응들이  날 매일 설레게 하니까  난 별로 많은 걸 바라지 않아  그냥     너 땜에 하루 종일   맛집 폰에 적어  흔들리지 않는 시선    너도 이미 내 맘을 아는 걸로  오늘이 아니면은 더는 안 될 거 같아         나의 시작의 끝은 너  나 여기서      이제 더            너를 기다리다가 멍하니 나  너와 나 사이에  애매한 사이에  좁히는 사이에         오늘 이 밤에  너의 그 맘에  나를 찾을게   ,https://image.bugsm.co.kr/album/images/200/204343/20434339.jpg?version=20211125180021.0
32394257,네비대로 가주세요 (Feat. 유라 (youra)),던말릭(Don Malik),DAWN IN SEOUL,[8],네비대로 가주세요 난 그 동네 처음 가봐  정해진 길이 있다면 표시된 대로  따라 가줬으면 해요 이어폰의 꽃말을 아세요  급한 상황이 아님 말 걸지 말아 주세요  오해하진 마 우리 아빠도    양화 대교 가사는 많이 내게 와닿어  근데 그냥 멀쩡히 여기에서 저기로  가고 싶어서 지불했을 뿐  불필요한 이야기를 주문한 기억은 없습니다  왔다 갔다 할 때 잠깐이라도 꺼두고 파  전원 버튼 이게 이기적이라면 난 맞아   뻐끔뻐끔 소릴 안 참은지 꽤 됐지  지나가는 배경과 액정을 번갈아 봐  작은 화면을 채운 건 대부분 적나라하게  유혹하는 광고들 닫을라다 들어가 버려  동시에  차는 멈췄지 내린 곳은 낯설어                  시간을 다 쓴 노인처럼 유연하게  사소하게 막 널어놓은 질문들에  개의 손가락은 기어가는데  천천히 최근 며칠간은 공사 중  대상이 없는 꿈을 꾸는          네비대로 가주세요 목적지는 우리 집  자기 말대로 가면 빠르다며 억지를 부리지  그럼 그렇게 가던지 냅둬  어쨌건 간 도착만 제대로 하면 됐어  낯선 건 점점 익숙해져  마치 집 가는 길 창문 밖 풍경  돌아올 땐 좀 더 느슨히  그 순간을 즐겨  속도를 내  탁 트여 있는 강변 북로 위를  이니셜   미끄러지듯이 운전  하지만 뒷자린 나름대로 편안해  죽지만 않으면 좀 일찍 도착할 거 같애  빨리 죽고 싶다는 말을 버릇처럼 했던 때를  떠올리며 머쓱하는 지금의 난 건강해  그래서 매야겠네 안전띠  지금 이 아저씬  엑셀을 스트레스 풀듯 꽉 밟고 있  아깝잖아 여기까지 왔는데  골목까지 들어가야 하냐고  당연해                 시간을 다 쓴 노인처럼 유연하게  사소하게 막 널어놓은 질문들에  개의 손가락은 기어가는데  천천히 최근 며칠간은 공사 중  대상이 없는 꿈을 꾸는        ,https://image.bugsm.co.kr/album/images/200/204348/20434828.jpg?version=20211126010309.0
6137709,ANSWER,극한데뷔 야생돌,극한데뷔 야생돌 Part 3,[3],우리 함께 걸었던 길을 지나  아득히 깊은 어둠 속 빛을 따라  얼어붙은 나의 세상은   천천히 네 숨결에 녹아   연기처럼 전부 사라져    환상일까     굴절된  조각나 있어  잠겨있던 거친 마음은  여전히 너를 향하고 있다고  미로 속에 갇혀버린 나  어지럽게 늘 헤매여도  결국 돌아가 너에게로   넌 나의  알 수 있어  투명한 공기처럼  유일한       공허한 밤을 채워  아련한 별들 같이 넌 내 안에 쏟아진다       찾고 있던 나의      위태로운 모래성 다 무너져  애써 지켜온 건      상처는 아물고 사슬은 풀어져  열쇠는 너 하나      들리니        달려가 너의 곁으로  눈을 감아도 니가 보이니까  다시 또 널 원해   환상일까     굴절된  조각나 있어  잠겨있던 거친 마음은  여전히 너를 향하고 있다고  미로 속에 갇혀버린 나  어지럽게 늘 헤매여도  결국 돌아가 너에게로   넌 나의  알 수 있어  투명한 공기처럼  유일한       공허한 밤을 채워  아련한 별들 같이 넌 내 안에 쏟아진다       찾고 있던 나의     닿을 수 있을까 수평선을 넘어  손끝에 온기가 느껴질 거야  아무도 알 수 없는  너와        이제 깨어나 답을 찾아  넌 나의  알 수 있어  투명한 공기처럼  유일한       공허한 밤을 채워  아련한 별들 같이 넌 내 안에 쏟아진다       찾고 있던 나의   ,https://image.bugsm.co.kr/album/images/200/40681/4068126.jpg?version=20211126063746.0
6137168,다시 사랑한다고 해도,백지영,다시 사랑한다고 해도 (감정공유 : 백지영),[118],차갑게 식어버린 말투  나를 외면하는 표정이  말해 더 이상 안 돼 이젠  너무 늦은 거 같다고  사랑은 원래 익숙해진다는  말을 끝까지 믿었는데  그게 아니었던가 봐 너는  사랑하지 않았나 봐  다시 사랑한다고 해도  매번 똑같은 일들로 반복된 우릴  속는 척 또 믿어봐도  돌아서면 아직 제자린데  다시 사랑한다고 해도  내가 버텨야만 사랑할 수 있다면  그런 건 사랑이 아닌 거잖아 이젠  어떡해야 해  그렇게 사랑했던 네가  이렇게 너무도 변해 버린 게  미워 너무나 미워 이젠  이미 끝나 버렸지만  수많은 다툼 속 견뎌왔던 우린데  이제는 버틸 수가 없어 이렇게 우나 봐 나는  아무것도 하지 못해  다시 사랑한다고 해도  매번 똑같은 일들로 반복된 우릴  속는 척 또 믿어봐도  돌아서면 아직 제자린데  다시 사랑한다고 해도  내가 버텨야만 사랑할 수 있다면  그런 건 사랑이 아닌 거잖아 이젠  어떡해야 해  사랑해서 다퉜다는 말  우릴 위했다는 말  그 말을 굳게 믿었던 나여서  바보 같던 나였어서  나를 사랑하긴 했나요  이젠 내가 싫어진 건 아닌 건가요  아닌 척 또 믿어봐도  돌아서면 다시 제자린데  너를 사랑했던 나라서  이젠 틀린 우릴 놓아주려고 해요  이런 건 사랑이 아닌 거니까 이젠  헤어져야 해,https://image.bugsm.co.kr/album/images/200/40679/4067953.jpg?version=20211125004653.0
32393530,Santa For You,트라이비(TRI.BE),Santa For You,[6],이른 아침에 알람 소리에 난  아이들 웃음소리에 깨 일어나서 멍 때리네           빨간 코의     네가 잠든 밤 너의 머리맡에다 예쁜 선물을 두고 갈게         세상이 다 몰라도 나는 알아      눈물 흘린 이유  다 괜찮아 그걸 다 견뎠으니까             불빛들은 빛나고 축복으로 가득해      이뤄질 거야                          울어도 돼 잠깐              안 만들어 난          로는 널 판단 못하지 이              그냥 난 널 믿는 거야                  잊지 말고 기억해                  불빛들은 빛나고 축복으로 가득해      이뤄질 거야                 내가 되어줄게              손 모아 기도해   항상 되어줄게      네가 넘어져도 다시 또 일어설 수 있게             불빛들은 빛나고 축복으로 가득해      이뤄질 거야                   달콤한 꿀이라도 바른 듯해  일어설 수 없어 웃음소리에 푹 빠져    맑은 하늘 아래 쌀쌀한 바람  이제 겨울이 찾아왔나 봐요,https://image.bugsm.co.kr/album/images/200/204346/20434672.jpg?version=20211126002643.0
32394156,진심으로 너를 사랑하고 있어 (Feat. 밈(mim)),슈슈가,진심으로 너를 사랑하고 있어,[1],진심으로 너를 사랑하고 있어  너에게만 나의 마음을 보여줄게  너의 곁에 내가 있어서  이렇게 행복한 나잖아  나의 마음에 들어와 따스히 감싸줬어  손을 잡고 걸을 때면 세상 모두 가진 느낌  지쳐있던 나의 하루에 들어와서  빛나게 했어 난 널 사랑해  진심으로 너를 사랑하고 있어  너에게만 나의 마음을 보여줄게  너의 곁에 내가 있어서  이렇게 행복한 나잖아  나의 마음에 들어와 따스히 감싸줬어  손을 잡고 걸을때면 세상 모두 가진 느낌  지쳐있던 나의 하루에 들어와서  빛나게 했어 난 널 사랑해  진심으로 너를 사랑하고 있어  너에게만 나의 마음을 보여줄게  너의 곁에 내가 있어서  이렇게 행복한 나잖아  진심으로 너를 사랑하고 있어  너에게만 나의 마음을 보여줄게  너의 곁에 내가 있어서  이렇게 행복한 나잖아,https://image.bugsm.co.kr/album/images/200/204348/20434801.jpg?version=20211126005337.0
32392029,난 너만,하이브로(High Bro),난 너만,[3],처음 만난 순간부터 난  하고 싶은 말이 있었어  어떤 말을 꺼내야 할까  머릿속에만 맴돌던 마음을  오늘은 말하고 싶어  매일 아침 너와 눈을 뜬다면  지금 이 순간 함께 걷는다면  난 너만 있어주면 돼  닫혀진 문을 열어줘    저 하늘에 수놓아진 별들이  내게 다가오고 있어  난 너만 있어주면 돼  닫혀진 문을 열어줘    빛나는 너에게 달려가  사랑할 수 있게        너를 만나 나를 알았어  설렘들로 가득했던 날  언제부터인지 모르겠지만  나도 모르게 닮아가나 봐  내게서 지금 네가 보여  이제 더는 숨길 수가 없을 거야  너랑 있으면  난 어디든 가도 좋아  난 너만 있어주면 돼  닫혀진 문을 열어줘    저 하늘에 수놓아진 별들이  내게 다가오고 있어  난 너만 있어주면 돼  닫혀진 문을 열어줘    빛나는 너에게 달려가  사랑할 수 있게                          난 너만 있어주면 돼  닫혀진 문을 열어줘    저 하늘에 수놓아진 별들이  내게 다가오고 있어  난 너만 있어주면 돼  닫혀진 문을 열어줘    빛나는 너에게 달려가  사랑할 수 있게      ,https://image.bugsm.co.kr/album/images/200/204343/20434352.jpg?version=20211125120023.0
6137719,"[ ] (feat. gamma,unofficialboyy,RANCHIA)",M3CHVNIC,M3CHVNIC 1st Episodes,[0],안에                   못 받은            솔직히만 뱉었네       하고 있지            지키기 위해 벌어     가사에 없이도 우린 왜  너네 들 보다 쎄 너흰     아가리만  나는 사장님 받아  너는 해임      너 그리고 너 그리고 너도 너그러워질 수 없는               써 언제나         느낌 마침표 깨 우리가 움직이면 중심 다시      먼저    한반도  높이 올려               대체 불가 세대교체                                직진    감사하지       정말로  년 전 입은 티   이젠 어울리지 않아 더는 이젠 취할 일이 없어 더는 에 널부러져있는 저능아들은 비틀대고 나는 똑부러진 걸음  도망 뒤에 도착한 곳은 미로 도망치기엔 복잡한 소음이 싫어 그 공간에서 낙원은 못 찾네 그런 혼란에서도 써 내려가는 기록    접속해      오지 또 밤이 너넨 못 와 다른 촉감 꺼져 모함들에 안 속아        올라갈수록 속으면 안 돼 돈으로 만든 거지 네 방패는 쉽게 찢어질걸 열정 앞에  까마득하게 어두컴컴한 방 안에서 위대한 생각들을 멍청한 표정으로 덤덤하게 발음하고 아름다운 모습들을 펼쳐 막 겁쟁이들 밟고 산 꼭대기를 선점한 듯이 소리 질러 막 메아리로 돌아와 뿌려놓은 저 노랫말 속 에너진 충돌하지 현실로 곧 다가와 하찮은 그 가치관은 부서질지도 몰라 그렇더라도 괜찮다면     ,https://image.bugsm.co.kr/album/images/200/40681/4068127.jpg?version=20211126063747.0
83937182,MAMA,이윤진,MAMA,[2],두려워 말하지 못해 속으론 울고 있다고  여린 가슴으로  갈곳 없는 발끝에 더 무거워진 어깨를  내려 놓지못해    우리 함께했던 인적 없는 뭍에 종이배를 띄우네  우리 흔적들의 끝엔 미소가 남아있길    너에 뒤에 서 있을게          우리가 닿을수 있게 문을 열어 둬    난 항상 여기 남아 서 있을게          언제나 지금처럼 웃어 줄래요 엄마    괜찮아 말해주고 싶었던  고요히 속삭이던 여린 목소리도  끝도없는 바람에 씻어내려가는듯  새하얘진 머리    저기 별들에게 물어 난 어디로 흘러가나요  같이 걸어가는거야 내가 함께할 테니까    우리 함께했던 인적 없는 뭍에 종이배를 띄우네  우리 흔적들의 끝엔 미소가 남아있길    너에 뒤에 서 있을께          우리가 닿을수 있게 문을 열어 둬    난 항상 여기 남아 서 있을게          언제나 지금처럼 웃어줘 엄마,https://image.bugsm.co.kr/album/images/200/164015/16401526.jpg?version=20211126063745.0
32392089,그날의 하루,김제훈,그날의 하루,[1],늦은 저녁거리에 오늘도 그렇게 혼자 걸어보았어 수많은 사람들 많은 불빛 속을 외롭게 터벅터벅  잘 하고 있을까 네 생각을 하면 무거워지는 나의 마음 불편하고 소란한 하룰 지날 때 문득 그날을 꺼내봐  이제 알 것 같아 그날의 하루가 소중했음을 잠시 머물렀던 오래된 기억 넌 날 많이 사랑했었어 하루 일 년 지나 우리 나이가 먹어갈수록 점점 모르는 사이가 되겠지만 언젠가 한 번쯤 서로 기억할 수 있길  나와 다른 세상을 보고 있을 너에게 날 몰랐던 예전처럼 아름다운 것들로 가득 채우길 바라 그 시절 그리고 행복했어  이제 알 것 같아 그날의 하루가 소중했음을 잠시 머물렀던 오래된 기억 넌 날 많이 사랑했었어 하루 일 년 지나 우리 나이가 먹어갈수록 점점 모르는 사이가 되겠지만 언젠가 한 번쯤 서로 기억할 수 있길  옅어지는 너의 기억 이제는 너무 멀리 왔어 우리란 의미는 이제 없겠지만 빛나던 오후처럼 좋은 꿈이었길 바라  이제 알 것 같아 그날의 하루가 소중했음을 나도 모르게 오늘을 돌고 돌아 다시 너에게 멈춰있었어  하루 일 년 지나 우리 나이가 먹어갈수록 점점 모르는 사이가 되겠지만 언젠가 한 번쯤 서로 기억할 수 있길 ,https://image.bugsm.co.kr/album/images/200/204343/20434365.jpg?version=20211125120005.0
32393878,Perfect Blue (;),엔분의일 (1/N),Perfect Blue (;),[3],혼자 방안에 남아 가시 꽃을 피워내면 네 눈물을 비 삼아 더 크게 자라나 괜찮아질 때까지 널 얘기해 줄래 세상이 아닌 너를 돌봐줬으면 해                     언제 어떻게 무너질 줄 아는 것은 어른이 되면 전부 알게 될 줄 알았는데 괜찮다고 말하는 날이 늘어만 갈수록 괜찮지 않은 밤도 똑같이 늘어가                                       이 파란 계절을 헤매어도 그 어떤 별 보다 빛나는 너 네 맘을 가득 채운 눈물로                                                           ,https://image.bugsm.co.kr/album/images/200/204347/20434752.jpg?version=20211125120023.0
32393114,"To You (feat. Aden, serin, HYXE)",H!,To You,[0],꿈으로 가득했던 그 여름날 그렇게 오랜 시간 지나 어느덧 여기 오기까지 너무도 많은 순간들을 다 담아낼순 없지만 내 옆을 지켜준 너에게  오늘은 말하고 싶어  행복한 날에 우린 항상 함께 힘들던 밤에  날 안아준 네게                    이제는 내가 옆에 있을게 주저 앉고 무너지는 날엔  기대도 돼 난 오직 너뿐이야 말해줄게 나와 함께 가자     채울수 없던 내맘을 가득히 완성해준 그대 언제나 내게 다가와 나를 꼭 안아주었던 이제는 너와 이 길을 걸어 새하얀 눈 바라보며 너에게 항상 고마웠다고 오늘은 말해주고 싶어            모든 게 다    지우고 싶어 나       잊고 싶지 않아 사실 나도 헷갈려 왜     뭐든 괜찮아 너를 얻었단 착각에 살아도 돼               내 어제도 가져간 찰나였던 넌 영원히 사랑일 것 울며 무너져 흘러간대도 자랑인 건  까지 날 또 살게 했다는 게 얼마든지 얼마나 걸리던지 기다릴 수 있다 다짐했던 건 알지 혹시 이 노래를 들을지 다 맞아     채울수 없던 내맘을 가득히 완성해준 그대 언제나 내게 다가와 나를 꼭 안아주었던 이제는 너와 이 길을 걸어 새하얀 눈 바라보며 너에게 항상 고마웠다고 오늘은 말해주고 싶어      오래 기다려준 네게 너무 오래 머물러 주었던 너이기에 이제는 너와 이길을 걸어 새하얀 눈 바라보며 너에게 항상 고마웠다고 오늘은 말해주고 싶어    ,https://image.bugsm.co.kr/album/images/200/204345/20434562.jpg?version=20211126004432.0
32393868,포기하고싶어.,Vanillare (바닐레어),포기하고싶어.,[2],나를 끌어내리는  너의 잔해들이 싫어 사라지길 바래 나를 무너뜨리는  너의 잔해들이 싫어    내게서 떠나줘   잠시나마도 놓지를 않는 널 떼어내려 해 멀어져야 해 이해는 바라지도 않아 사라져줘    꿈에서조차 나를   놓아주지를 않는 네 모습이 내 안에서 사라지길       나를 끌어내리는  너의 잔해들이 싫어 사라지길 바래 나를 무너뜨리는  너의 잔해들이 싫어  내게 차가웠던 네가 달라졌어 이제는 차가워진 나의 눈을  바라보며 웃던 널 밀어내려 하는 날 더는 부르지 마    꿈에서조차 나를   놓아주지를 않는 네 모습이 내 안에서 사라지길       나를 끌어내리는  너의 잔해들이 싫어 사라지길 바래 나를 무너뜨리는  너의 잔해들이 싫어  날 놓아줘 내버려 둬,https://image.bugsm.co.kr/album/images/200/204347/20434747.jpg?version=20211126004339.0
32393356,뭐 어때?! (Feat. 스카이민혁),YUHA,The Blossom Tape.,[1],내가 노래 부른다고 아니라지 힙합 뭐 어때 나 랩 한다고 한 적 없지 매일 밤 너를 갈아가며 버틴 적은 있니 집밥 이나 더 먹고 와서 덤벼 체급 키워   늘어가는 팬의 수가 나의  지표 잘 시간에 한 걸음 딛고 저 위는 찍고 죽어야지 새끼들은 오락가락해   난 운을 띄우거든     내 살을 더 문대도 내 정신은 그대로 도전을 즐기던 때로 돌아가고파 그때로 은     자리 채워 들 덤벼도 떼로 나가 떨어지지 메롱 내가 돌아왔다 여기에 마침내 나를 막지 못해 군입대 노랜 나오지 굶주릴 때 서울대 타이틀 필요없어 그거 모두 뿌리 빼 내가 돌아왔다 여기에 마침내 나를 절대 막지 못해 군입대 노랜 나오지 굶주릴 때 서울대 타이틀 필요없어 뿌리 빼 내가 돌아왔다 여기에 마침내 내가 못한다는 편견 그거 빼 무릎 꿇더라도 그거 뭐 어때 나는 절대 죽지 않아  뭐 어때 내가 돌아왔다 여기에 마침내 내가 못한다는 편견 그거 빼 무릎 꿇더라도 그거 뭐 어때 나는 절대 죽지 않아  뭐 어때 너에게 호의적으로  다가가 어때요 해도 걔넨 걍 날 돈으로 보는 선택뿐 그래서 처음에는 발톱을 세워 조금의 손해도 보기 싫었던 어린애들 무서웠던 적들은 세월이 가니까  별거 아니란 것을 배웠지 멋져 보인 래퍼들도  한낱 인간 꽤 멀리  보였던 성공은 이제 거의  다온 것 같다는 생각이 들었을 때 더 멀어졌다는 걸  알게 됐지 빌어먹을 자만심에  몇 개월을 날리고 일어서 보라는 댓글에 난 욕들을 남기고 성장 대신 한국 힙합  안 듣겠단 말들을 했을 때 벌써 망가진 뒤라 틀렸단 것도 모르고 달려왔지  그저 쓰기만 했지 헛소리가 잔뜩 있는 내 가사는 약했지 그래 뭐 어때란 태도 그게 힙합이라고 생각을 나는 했고 그걸 일깨워준 건 오직 나의 회사뿐 치고박고 나니 드디어 잠에서 난 깼구 너의 조언들은 삼켜  대신 내가 던지고 낚어 물고기 대신 뭐 어때 더 해보라고 포기 대신 노력의 천재가 될거야  록리 같이  ,https://image.bugsm.co.kr/album/images/200/204346/20434643.jpg?version=20211125120031.0
32394023,Real Me,KINIE.K(키니케이),Real Me,[0],사람들은 내게 말했지  너는 꼭 잘 될 거라고  근데 산을 넘어 산이었지  침대 맡엔 약봉지들이  쌓이고 쌓여서  내 맘에 병도 만들어냈지  그래서 자꾸 밑으로  밑으로 내려갔지  그래서 나는 날  스스로를 괴롭혔지  그러다 괜찮아 라고  수없이 내게 말해줬지  무너지면은 안된다고  약해지면은 안된다고  나 오직 음악으로  어두운 길 지나왔지       나 나 계속 나를 찾아가       난 난 절대 포기하지 않아  방에 콕 박혀 앉아 을 찍고  매일 밤을 지새우고       그게 나 나는 나  계속 달려      이루어지기를 바래  매일 꿈을 먹고 사는  아주 작은 난 애벌레  난 꾸준하네  그냥 그 자체로  아름다운 난   걱정 속에 어두워진  어둠 속 가득한 저 뒤로  절대 돌아가지 않아     그래서 나는 날  스스로를 괴롭혔지  그러다 괜찮아 라고  수없이 내게 말해줬지  무너지면은 안된다고  약해지면은 안된다고  나 오직 음악으로  어두운 길 지나왔지       나 나 계속 나를 찾아가       난 난 절대 포기하지 않아  방에 콕 박혀 앉아 을 찍고  매일 밤을 지새우고       그게 나 나는 나  계속 달려                           나 나 계속 나를 찾아가       난 난 절대 포기하지 않아  방에 콕 박혀 앉아 을 찍고  매일 밤을 지새우고       그게 나 나는 나  계속 달려           계속 나를 찾아가       절대 포기하지 않아  방에 콕 박혀 앉아 을 찍고  매일 밤을 지새우고       그게 나 나는 나  계속 달려                    ,https://image.bugsm.co.kr/album/images/200/204347/20434782.jpg?version=20211126004702.0
32392074,I SEE!,Smiley DeBron,I SEE!,[0],막쓰고 다쓰고  쓴거를 다    왜 몰라 다     바라지 않아도 다 돌려받았어  내포된 감정을 억눌르기엔    들 하는 짓 다 도플갱어  못했던 나의 어젠  내일을 생각해 나는 봐 미래                                        막쓰고 다쓰고  쓴거를 다    못했던 나의 어젠  내일을 생각해 나는 봐 미래  왜 삶들이 다 의미없어  병신아 누군 안타 삐딱선  스마일리 데브론은 띠겁고  좀 못되지길 바라지만 데스티니 운명  묻지마 난 퍽치기 범법  꼴에 애새끼들 판치지 전부  사람들은 지입으로 터프  그전에 지켜 더    아빠 대신 돈 번 다음  써 다    병신 새끼들은 도박  이라칭하지만  날아 하늘    지금 기분 너무 높아  나는 고파 아직 배가 말을 걸때     햄버거 하나면 족해  내려     바지 밑단은   시팔 그래도 난 웃음 잃은적 한번도 없다  에베레스트에  나의 노스페이스  하나 빼입고 올라가  신아 나를 더 패      난 엎어 비리  기리기리 기억되리  내가 걷는 길이                 같이 보지    너무 깊이             막쓰고 다쓰고  쓴거를 다    왜 몰라 다     바라지 않아도 다 돌려받았어  내포된 감정을 억눌르기엔    들 하는 짓 다 도플갱어  못했던 나의 어젠  내일을 생각해 나는 봐 미래                                        막쓰고 다쓰고  쓴거를 다    못했던 나의 어젠  내일을 생각해 나는 봐 미래,https://image.bugsm.co.kr/album/images/200/204343/20434362.jpg?version=20211125180021.0
32391556,너라면 난 괜찮으니까,박은별,너라면 난 괜찮으니까,[3],짙어진 어둠 위로  그려본 너의 얼굴을 떠올려 으음  아주 먼 기억 속에  너를 지우려고 애써봐도 난 안돼  조금씩 밝아오는 우리의 아침이  나에게는 왜 이리 마음이 아픈지  말해줄래 내게  아파진다 해도 너라면 난 괜찮으니까  너면 되니까  흩어진 나의 맘에  그려진 너의 마음을 꺼내봐 으음  아주 먼 기억들도  너를 지우려고 노력해도 난 안돼  조금씩 밝아오는 우리의 아침이  나에게는 왜 이리 마음이 아픈지  말해줄래 내게  아파진다 해도 너라면 난 괜찮으니까  나에게 다가오면 우린 멀어질까  하루하루가 지나도 그대로일까  말해줄래 내게  어떤 말이라도 너라면 난 괜찮으니까  너면 되니까,https://image.bugsm.co.kr/album/images/200/204342/20434232.jpg?version=20211125120023.0
6137647,Stop!,제이유나(J.UNA),Stop!,[11],난 왜 항상 고민만 하다   하룰 날리곤 할까  이런저런 생각에 고민들이 꼬릴 물 때  난 왜 항상 이러다 잘까  아침에 일어나도 똑같아  해야할 일들이 너무나 많아  이런저런 생각에 고민들이 꼬릴 물 때  난 왜 항상 이러다 말까  나만 멈춘 것 같아  세상은 계속 돌아가는데  항상 나만 빼고 모두 잘 사는 것만 같아                  요즘 생각이 많아지는 것 같애  하쿠나마타타 매일 보던 인생 영화에  나오던 대사를 까먹은지가 오래             그게 참 어려운 것 같애 나만 몰랐나봐  참 다들 대단한 것 같애   아님 나만 불만이니     나만 멈춘 것 같아  세상은 계속 돌아가는데  항상 나만 빼고 모두 잘 사는 것만 같아           나만 멈춘 것 같아  계속 돌아가는데  나만 빼고 모두 잘 사는 것 같아         ,https://image.bugsm.co.kr/album/images/200/40680/4068094.jpg?version=20211126063722.0
32392391,Sunset,ROGI(로기),Sunset,[0],찻잔에 묻은 얼룩을 닦았어 깨끗해지진 않지만 그래도 기분은 좋더라  앞집에 한 번 인사를 해봤어 별로 친하진 않지만 그래도 기분은 좋더라  누구에겐 쓸데없는 짓일지도 모르지만 그러면 어때  누구에겐 다 부질없는 일이라고 하겠지만 그러면 어때  강아지가 너무 예뻐서 머릴 쓰다듬었어    꽃들이 그냥 예뻐 보여서 너에게 가져다줬어      그냥 별생각 없이 그냥 별 의미 없이  아침에 한 번 운동 해봤어 진짜 드럽게 힘들어 그래도 기분은 좋더라  너에게 한번 뽀뽀해 봤어 그러면 어떨까 해서 그냥 기분 좋더라  하고 싶은 대로 살아도 해는 금방 지는걸    해가 지면 나는 그대로 슬픔에 빠져버릴걸     그냥 별생각 없이 ,https://image.bugsm.co.kr/album/images/200/204344/20434429.jpg?version=20211126010047.0
32393775,너를 사랑했던 날 (feat. 우이경),페퍼민트,너를 사랑했던 날,[2],다 잊었다고 믿었어 나 널 우연히 만나기 전까지 괜찮아 졌다고만 생각했어  나 누구보다 널 많이 사랑했던게 다시 또 생각나 이상해 내 맘이 다시 또 아파오잖아  너를 사랑했던 날 바보같던 날 너만 바라보던 나잖아 오랜 시간 지나도 아픔은 왜 그대론지 많이 힘들었던 날 이제라도 날 잡아주면 안되는거니 아직은 나 널 사랑하나봐 다시 내게로 돌아올래  나 이별이란 단어가 우리에겐 없을거라 믿었어 안믿겨 당장 널 다시 보러가고싶어  너를 사랑했던 날 바보같던 날 너만 바라보던 나잖아 오랜 시간 지나도 아픔은 왜 그대론지 많이 힘들었던 날 이제라도 날 잡아주면 안되는거니 아직은 나 널 사랑하나봐 다시 내게로 돌아올래,https://image.bugsm.co.kr/album/images/200/204347/20434717.jpg?version=20211125190920.0
32393502,김치,미식가요,김치,[1],세상에 많은 음식들 맛있고 건강 하긴 쉽지 않아  내 나이 다섯에 두렵던 빨간 김치 살랑 물에 헹구면 자신감 뿜뿜  오늘도 난 김치 내일도 난 김치 각종 야채에 발효과학 랄랄라 번반찬   부침개 만두 수제비 볶음밥 찌개 국수 많고 많아  맛있는 김치만 있으면 준비완료 우리집이 미슐랭 상상 그 이상  여기도 난 김치 저기도 난 김치 각종야채에 발효과학 랄랄라 번반찬  오늘도 난 김치 내일도 난 김치 각종야채에 발효과학 랄랄라 번반찬 메이드 인 코리아  스마일 치즈 김치 ,https://image.bugsm.co.kr/album/images/200/204346/20434664.jpg?version=20211126004910.0
32393793,ROLLER COASTER (BadMax Remix),slow_ville,ROLLER COASTER RIDE,[0],나는 강백호 성장캐  절대로 못 살지 점잖겐  들이받아버려 겁나  없게     검빨     다 페이더웨이 힙합을 외로울 때  틀어 괴로울 땐 힙합을 춰 슬플 땐  요 히비리 힙 히비리 합 틀어 크게  뭘 망설여 그냥      돌진하지  성난황소  그냥 정면돌파 해버려       우리 청룡열차는     올라타라고      조심해  이건 너무 빨라서 채우네    양 손바닥에 땀이 차오를 때까지  달려가네      정신이신이 나가지 다 신이신이나서  이제 슬로우빌이 나가신다                   위로  올라타 내        정신이신이 나가지 다 신이신이나서  이제 슬로우빌이 나가신다                   위로  올라타 내        슬로우빌  아이보리 막걸리 톤  정신은 아리까리 그래도 따라줘  누가 나를 막아 다 상관없어  이   덕분에 늘 못 먹어도   슬로우빌  아이보리 막걸리 톤  정신은 아리까리 그래도 따라줘  누가 나를 막아 다 상관없어  이   덕분에 늘 못 먹어도          느리게 다시 시작해  멈추지 않아      내가 멈출땐 하늘에 닿을 때  내가 죽을 떄까지 신이 부를 때까지  올라가는거야   매일 아침  망설일 시간이 어디 고민 할 시간이 어디  그럴 바엔 그냥 하는게 내 방식       시간없어  우린   빠르게 걸어  최고 속도로 달려 종점없이 가는거야  지나쳐버려 수서     지나쳐 지나쳐   미쳤어 미쳤어     정신놨어 신나서     절대로 입이 안 멈춰 떠버리    정신이신이 나가지 다 신이신이나서  이제 슬로우빌이 나가신다                   위로  올라타 내        정신이신이 나가지 다 신이신이나서  이제 슬로우빌이 나가신다                   위로  올라타 내        슬로우빌  아이보리 막걸리 톤  정신은 아리까리 그래도 따라줘  누가 나를 막아 다 상관없어  이   덕분에 늘 못 먹어도   슬로우빌  아이보리 막걸리 톤  정신은 아리까리 그래도 따라줘  누가 나를 막아 다 상관없어  이   덕분에 늘 못 먹어도   정신이신이 나가지 다 신이신이나서  이제 슬로우빌이 나가신다                정신이신이 나가지 다 신이신이나서  이제 슬로우빌이 나가신다                   위로  올라타 내                          슬로우빌  아이보리 막걸리 톤                    슬로우빌이 나가신다      슬로우빌  아이보리 막걸리 톤  정신은 아리까리 그래도 따라줘  누가 나를 막아 다 상관없어  이   덕분에 늘 못 먹어도   슬로우빌  아이보리 막걸리 톤  정신은 아리까리 그래도 따라줘  양 손바닥에 땀이 차오를 때까지  달려가네     ,https://image.bugsm.co.kr/album/images/200/204347/20434720.jpg?version=20211126004123.0
32393137,그 말 진심이 아니겠죠,김주환,그 말 진심이 아니겠죠,[1],그 말 진심이 아니겠죠 그대도 나처럼 힘들 테니 그런 거겠죠 사랑이 그리 쉽게 지워지지 않잖아요 특별했던 우린 운명같던 우린 더  사랑이 너무 깊어 상처가 됐나봐요 조금만 덜 아주 조금만 덜 사랑할 걸 그랬어요 그대 생각에 시린 아픈 눈물이 안 멈춰요 이렇게 아플 줄 알았다면 덜 사랑할 걸 그랬어요  사랑이 너무 깊어 상처가 됐나봐요 조금만 덜 아주 조금만 덜 사랑할 걸 그랬어요 그대 생각에 시린 아픈 눈물이 안 멈춰요 이렇게 아플 줄 알았다면 덜 사랑할 걸 그랬어요  내가 그대는 잊을 수가 없다고 했잖아요 조금만 덜 아주 조금만 덜 사랑할 걸 그랬어요 사랑이 다른 사람으로 잊혀질 수는 없잖아요 이렇게 아플 줄 알았다면 덜 사랑할 걸 그랬어요  그 말 진심이 아니겠죠 ,https://image.bugsm.co.kr/album/images/200/204345/20434575.jpg?version=20211125191205.0
32393824,CALL ME UP,빌리언(VILLION),PANORAMA,[0],내가 보고싶다면 불러  아무 생각 하지말고 기다리잖아 어서 눌러 하고 있잖아 광고 그냥 너가 보고싶어서 빈말 같은건 싫어서 재미없던 하루하루 내 시간에 미친듯이 타오르는 불을 지펴서  밤은 너무 긴데 넌 늘 관심없는듯 행동해 좀 길게 마치 날 시험하는듯 돌려서 말 못해 가만있긴 뭐해 전화 줘 지금 당장    내가 필요하면 지금 달려갈게 그리로 꽉잡아 놓치마      내가 필요하면 지금 달려갈게 그리로 꽉잡아 놓치마   진짜 나쁜놈이 되지 너의 가치를 모르는 다른 놈들의 의도가 분명한 눈빛을 볼때 개네는 너를 겉만 보고 알아 근데 나는 달라 못믿겠다면 집어넣어 꺼내 가 사랑 가만있기 힘들어 이렇게 예쁜 너를 두고 다른 남자 애들에게 해줄 말은 수고 난 두렵지도 않아 너가 나를 밀어내도 같은 자리 그냥 달려와 내게로      나는 괜찮아 다 풀어놔도 돼 니 잠금  안필요해 이유 설명할 시간도 없이 해버려 입맞춤 내가 너의 기준의 남자가 아니더라도 속아줘 반쯤 가끔은 못이기는척 안겨줘 우리 하지 말자 밀당은 너가 하란대로 꼭 해 하나 아쉬운건 난 술은 못해 그래도 너가 원한다면 원샷  취한 나를 보고 웃어주면 만족해 그리고 신나게 나랑 춤춰 비틀대도 이쁠것 같은 니 춤선 너는 나랑 있을때 진짜로 즐겨 나는 알아 그래도 아직 그래도 아직 밤은 너무 긴데 넌 늘 관심없는듯 행동해 좀 길게 마치 날 시험하는듯 돌려서 말 못해 가만있기 뭐해 전화 줘 지금 당장    내가 필요하면 지금 달려갈게 그리로 꽉잡아 놓치마      내가 필요하면 지금 달려갈게 그리로 꽉잡아 놓치마   ,https://image.bugsm.co.kr/album/images/200/204347/20434731.jpg?version=20211125120023.0
