Topic,word,per
1,그대,14823.9
1,사랑,5522.4
1,어요,3186.0
1,마음,1659.7
1,당신,1493.1
1,사랑 사랑,1116.5
1,그대 그대,1017.2
1,다가,881.9
1,그대 사랑,830.0
1,사랑 그대,796.2
1,오늘,711.0
1,가요,702.0
1,언제,659.9
1,사랑 사랑 사랑,608.3
1,그대만,602.1
1,자꾸,598.8
1,안녕,588.6
1,우리,583.8
1,가슴,510.3
1,영원,500.9
1,하루,468.2
1,생각,434.4
1,눈물,427.3
1,매일,421.4
1,조금,405.6
1,행복,400.2
1,그대 마음,394.2
1,고백,385.3
1,미소,382.6
1,보고,382.1
1,세상,373.1
1,모습,363.6
1,라보,357.8
1,어도,344.0
1,사람,340.2
1,얼굴,319.2
1,어요 그대,314.2
1,사랑 사랑 사랑 사랑,277.2
1,아해,270.9
1,그대 모습,268.2
1,처음,266.1
1,하나요,259.4
1,그대 생각,252.2
1,안녕 안녕,251.2
1,아무,245.2
1,아주,242.8
1,자꾸 자꾸,230.7
1,오늘 그대,220.2
1,가득,218.5
1,항상,212.1
1,다리,208.8
1,다가 다가,206.7
1,지금,205.2
1,입술,203.9
1,수가,203.7
1,눈빛,203.5
1,사람 그대,203.3
1,그대 그대 그대,194.2
1,자꾸만,192.3
1,우리 사랑,190.8
1,노래,189.7
1,마음 그대,189.2
1,혹시,188.6
1,고마,186.5
1,그대 오늘,183.2
1,지나,182.0
1,기대,180.4
1,그대 어요,177.2
1,사랑 어요,177.2
1,그대 우리,177.2
1,언제 그대,172.2
1,사랑 사랑 사랑 사랑 사랑,171.2
1,멀리,171.1
1,어요 사랑,164.2
1,그대 사람,163.6
1,순간,162.4
1,어서,161.8
1,걸음,161.7
1,위해,161.4
1,그대로,160.3
1,여요,159.2
1,내겐,155.8
1,목소리,155.5
1,시간,155.0
1,잡고,148.4
1,얼마나,147.1
1,건가,144.5
1,기억,144.4
1,그대 세상,144.2
1,생각 그대,141.2
1,그대 얼굴,140.2
1,눈물 그대,139.2
1,그대 기억,139.1
1,햇살,137.7
1,그대 영원,137.2
1,약속,136.3
1,그대 미소,135.2
1,어깨,134.0
1,선물,131.7
1,겨울,131.0
1,거리,130.2
1,몰래,129.8
1,안고,128.6
1,혼자,128.5
1,야야,127.5
1,가까이,127.1
1,해주,126.7
1,바람,125.3
1,모두,123.1
1,아침,121.2
1,인걸,119.8
1,아름,116.5
1,이름,116.0
1,둘이서,116.0
1,아직,113.8
1,표정,108.1
1,잠시,107.7
1,웃음,105.2
1,도록,104.7
1,한번,104.0
1,오늘밤,99.7
1,심장,99.3
1,얘기,98.2
1,보이,97.0
1,시작,96.6
1,가지,96.3
1,용기,95.7
1,이상,95.1
1,슬픔,94.5
1,향기,94.3
1,벚꽃,94.3
1,어디,93.9
1,오직,93.4
1,이대,93.0
1,장미,93.0
1,면서,92.0
1,레이,91.6
1,때문,89.6
1,마다,89.0
1,사랑 마음,88.9
1,아하,87.9
1,보아,86.8
1,온종일,86.2
1,하늘,86.2
1,기도,85.1
1,마주,85.1
1,어쩌면,83.9
1,바보,83.8
1,영원 사랑,83.2
1,행운,83.1
1,종일,81.8
1,각하,81.1
1,는걸,79.6
1,조금 다가,77.0
1,맘속,77.0
1,소리,76.1
1,전해,76.0
1,인사,75.1
1,사실,74.9
1,전부,74.8
1,귓가,74.5
1,하루 종일,74.4
1,오늘 사랑,74.0
1,키스,72.3
1,무엇,72.2
1,바로,71.5
1,첫사랑,71.4
1,어제,71.0
1,이면,70.4
1,라만,66.7
1,조심,66.2
1,표현,65.8
1,먼저,65.5
1,외로,65.3
1,내게로,64.5
1,만큼,63.9
1,걱정,63.6
1,감사,61.8
1,그리움,61.3
1,내일,61.1
1,손길,60.7
1,사랑 노래,60.5
1,그날,57.8
1,지면,57.6
1,어색,56.9
1,마음 마음,56.7
1,사라,56.4
1,기분,55.9
1,음으로,54.9
1,추억,54.3
1,지고,54.3
1,꽃잎,54.2
1,마음 사랑,54.0
1,지지,54.0
1,운명,53.5
1,가끔,53.5
1,아가,53.5
1,달라,53.1
1,무도,53.1
1,숨기,52.5
1,사랑 언제,51.5
1,가나,51.1
1,사랑 영원,50.5
1,말로,50.4
1,천사,50.3
1,그때,50.0
1,기다림,49.9
1,사랑 오늘,49.7
1,는가,49.6
1,세월,49.3
1,기만,48.8
1,위로,48.4
1,대도,48.3
1,이기,48.1
1,상상,47.8
1,이유,47.4
1,외로움,47.4
1,온통,47.2
1,가오,47.1
1,기적,46.6
1,사랑 시작,46.5
1,근거,46.1
1,한마디,46.0
1,감고,46.0
1,오늘이,45.8
1,서로,45.4
1,가장,45.4
1,충분,44.8
1,근거리,44.7
1,이란,44.5
1,하루하루,44.5
1,사랑 우리,44.5
1,수도,43.8
1,가도,43.6
1,더라도,43.3
1,마냥,43.2
1,평생,43.0
1,머리,42.9
1,한참,42.6
1,가면,42.6
1,레게,42.4
1,전하,42.1
1,무슨,42.0
1,마지막,41.7
1,이상하,41.2
1,이루,41.0
1,가야,40.5
1,누군가,40.4
1,어진,39.8
1,어가,39.4
1,어깨 기대,39.2
1,이처럼,38.9
1,홀로,38.6
1,편지,38.6
1,언제 사랑,38.5
1,오래,38.4
1,한단,38.4
1,서서,38.3
1,만날,38.3
1,만난,37.6
1,느낌,36.4
1,눈동자,36.3
1,사랑 세상,35.9
1,런가,35.8
1,마음속,35.7
1,입맞춤,35.3
1,준비,34.8
1,사랑 시간,34.8
1,수록,34.7
1,소원,34.5
1,깊이,34.3
1,이나,34.2
1,자신,34.2
1,나무,34.1
1,영화,33.8
1,대신,33.4
1,어쩜,33.2
1,꿈속,33.2
1,하나로,33.0
1,밤새,32.7
1,치면,31.9
1,거려,31.9
1,지난,31.7
1,서도,31.7
1,간직,31.6
1,여자,31.2
1,계절,31.2
1,커피,31.1
1,오랫동안,31.1
1,숨결,30.7
1,아마,30.4
1,이야기,30.2
1,을지,30.1
1,남아,30.1
1,서면,29.8
1,변치,29.8
1,우연,29.7
1,외로워,29.6
1,주지,29.3
1,오기,29.3
1,부시,29.1
1,불어,29.0
1,라서,28.8
1,자꾸 생각,28.8
1,비밀,28.8
1,일지,28.8
1,아픔,28.4
1,달이,28.4
1,두드,28.4
1,낙엽,28.2
1,고개,27.9
1,리지,27.9
1,어찌,27.8
1,우릴,27.6
1,나타,27.6
1,점점,27.1
1,조차,27.0
1,여운,26.8
1,아보,26.8
1,연인,26.5
1,가슴 사랑,26.5
1,허락,26.5
1,고서,26.4
1,우산,26.4
1,린다,26.3
1,망설,26.2
1,사랑 한단,26.0
1,진심,25.9
1,의미,25.8
1,이지,25.8
1,필요,25.7
1,뒷모습,25.6
1,매일 매일,25.6
1,빌어,25.4
1,근대,25.2
1,연습,25.1
1,거기,25.0
1,맑은,25.0
1,오지,24.9
1,창가,24.8
1,오늘 하루,24.7
1,마치,24.2
1,한순간,24.0
1,려고,23.9
1,기고,23.8
1,한숨,23.6
1,그것,23.5
1,자리,23.5
1,주네,23.4
1,이제야,23.3
1,가을,23.3
1,밤하늘,23.0
1,불안,22.7
1,해지,22.7
1,조금 조금,22.2
1,사랑 이란,22.2
1,기하,22.1
1,이토,21.9
1,부디,21.7
1,나라,21.7
1,별처럼,21.5
1,축복,21.5
1,조그만,21.4
1,사람인,21.3
1,저리,21.2
1,봄바람,21.2
1,분명,21.1
1,스레,21.0
1,손짓,21.0
1,지네,20.7
1,아이,20.6
1,문득,20.5
1,차오,20.4
1,여주,20.4
1,익숙,20.1
1,가운,20.1
1,기쁨,20.0
1,내지,20.0
1,갈수록,19.7
1,간절,19.6
1,맴도,19.5
1,보이지,19.5
1,지도,19.5
1,설레임,19.1
1,부탁,19.0
1,한잔,18.8
1,세상 사랑,18.8
1,리다,18.7
1,피하,18.4
1,하니,18.4
1,부족,18.3
1,거란,18.3
1,살짝,18.2
1,나기,18.0
1,의심,17.8
1,아내,17.8
1,듯이,17.6
1,오늘 우리,17.3
1,대답,17.1
1,마법,17.1
1,깜짝,16.9
1,가기,16.8
1,발끝,16.6
1,사랑 지금,16.5
1,편안,16.5
1,하루 하루,16.4
1,사랑 하니,16.3
1,주기,16.3
1,발걸음,16.3
1,어둠,16.3
1,갈라,16.2
1,부신,16.0
1,꽃처럼,16.0
1,처음 만난,15.9
1,수만,15.9
1,지게,15.9
1,말투,15.8
1,거짓,15.6
1,우리 처음,15.6
1,장난,15.5
1,여서,15.3
1,욕심,15.2
1,가슴속,14.8
1,더욱,14.8
1,내야,14.8
1,주문,14.8
1,무지개,14.7
1,때론,14.6
1,사랑 아무,14.5
1,까운,14.4
1,단둘,14.3
1,영혼,14.1
1,어보,14.0
1,동안,13.9
1,물어,13.7
1,서두,13.7
1,온기,13.7
1,지나 가면,13.7
1,이해,13.7
1,세상 아름,13.6
1,요즘,13.6
1,로만,13.4
1,서성,13.4
1,다른,13.4
1,달래,13.4
1,일어,13.3
1,지우,13.3
1,고요,13.3
1,생각 사랑,13.2
1,고민,13.1
1,야만,13.0
1,포기,13.0
1,담배,12.8
1,희미,12.7
1,특별,12.7
1,너머,12.5
1,평범,12.5
1,달빛,12.5
1,헤어,12.2
1,무얼,12.2
1,걸음 걸음,12.1
1,원망,12.0
1,차마,11.9
1,종이,11.9
1,여가,11.8
1,부서,11.8
1,오래전,11.7
1,별빛,11.6
1,사랑 기억,11.6
1,대하,11.5
1,보고 보고,11.4
1,상관,11.3
1,마음 모두,11.3
1,무너,11.3
1,실수,11.3
1,회하,11.2
1,설명,11.2
1,거짓말,11.1
1,시리,11.1
1,제일,11.0
1,다행,10.9
1,인연,10.8
1,움직,10.7
1,벌써,10.7
1,멍하니,10.7
1,이번,10.6
1,농담,10.5
1,손끝,10.4
1,문제,10.4
1,마저,10.3
1,솔직,10.3
1,파도,10.2
1,기지,10.1
1,아야,10.0
1,노을,10.0
1,미안,9.9
1,다짐,9.9
1,나로,9.8
1,거울,9.8
1,일인,9.8
1,누가,9.8
1,무거,9.8
1,사랑 행복,9.7
1,도대체,9.7
1,리도,9.7
1,멀리 멀리,9.7
1,안부,9.6
1,눈물 사랑,9.6
1,하진,9.5
1,크리스마스,9.4
1,가게,9.4
1,머릴,9.3
1,라라라,9.2
1,반복,9.2
1,리기,9.2
1,그동안,9.1
1,다음,9.0
1,마디,9.0
1,이불,9.0
1,눈치,8.9
1,저녁,8.9
1,금방,8.9
1,그림자,8.9
1,속삭임,8.8
1,후회,8.8
1,갈래,8.8
1,소녀,8.6
1,여전,8.6
1,사랑 눈물,8.6
1,피곤,8.5
1,망설 이지,8.4
1,역시,8.4
1,소식,8.3
1,두운,8.3
1,돌이,8.2
1,사랑 만큼,8.2
1,바람 불어,8.1
1,자라,8.1
1,핸드폰,8.1
1,지금 이대,8.1
1,보기,8.0
1,외면,8.0
1,타고,7.9
1,아직까지,7.9
1,한번 한번,7.8
1,별거,7.7
1,창문,7.7
1,행복 사랑,7.7
1,시계,7.6
1,저기,7.6
1,다정,7.4
1,모자라,7.4
1,사뿐,7.4
1,다린,7.4
1,그녀,7.3
1,나인,7.3
1,어젯밤,7.3
1,빗물,7.1
1,전화,7.1
1,절대,7.1
1,얘길,7.1
1,착각,7.0
1,아무 걱정,7.0
1,라라,7.0
1,생각 오늘,6.9
1,사이,6.9
1,편이,6.8
1,상처,6.7
1,사진,6.7
1,직하,6.6
1,길이,6.6
1,내기,6.6
1,발자국,6.5
1,모습 그대로,6.5
1,소용,6.5
1,결혼,6.4
1,깜빡,6.4
1,원한,6.3
1,카페,6.3
1,고도,6.3
1,모자,6.3
1,오랜만,6.3
1,유난,6.2
1,누굴,6.2
1,혼자 사랑,6.1
1,자랑,6.1
1,안개,6.0
1,무릎,6.0
1,지금 사랑,6.0
1,고장,5.9
1,버릇,5.9
1,주위,5.8
1,새벽,5.7
1,아름 다운,5.7
1,봄날,5.6
1,뒤척,5.6
1,순수,5.6
1,크게,5.6
1,번만,5.5
1,손가락,5.5
1,아오지,5.5
1,반짝,5.5
1,세상 우리,5.4
1,이별,5.4
1,오후,5.4
1,주인공,5.4
1,절대로,5.1
1,무심,5.1
1,만약,5.1
1,때로는,5.0
1,거나,4.9
1,인지,4.9
1,냄새,4.9
1,굳이,4.8
1,이도,4.8
1,활짝,4.8
1,요하,4.8
1,다운,4.7
1,화려,4.7
1,대로,4.7
1,기억 기억,4.7
1,날씨,4.6
1,사랑 아직,4.6
1,옛날,4.6
1,머릿속,4.6
1,어떡,4.5
1,골목길,4.5
1,은지,4.4
1,우리 시간,4.4
1,확실,4.3
1,보지,4.3
1,서로 사랑,4.3
1,부담,4.3
1,지금 순간,4.3
1,이상은,4.2
1,끝내,4.2
1,거릴,4.2
1,오해,4.2
1,가라,4.1
1,머리 발끝,4.1
1,게로,4.1
1,래서,4.1
1,투명,4.0
1,웠던,4.0
1,노래 노래,3.9
1,하루 지나,3.9
1,우울,3.9
1,순간 순간,3.9
1,구들,3.9
1,자기,3.8
1,다만,3.8
1,숨소리,3.8
1,올해,3.8
1,두려움,3.7
1,궁금,3.7
1,라며,3.7
1,그늘,3.7
1,계속,3.6
1,주저,3.6
1,바보 사랑,3.5
1,보고 어서,3.5
1,만남,3.5
1,간다,3.5
1,정도,3.4
1,밤새 도록,3.4
1,시간 우리,3.3
1,웃기,3.3
1,만하,3.3
1,기억 우리,3.2
1,온도,3.2
1,바라지,3.2
1,아들,3.2
1,우지,3.2
1,치도,3.2
1,믿음,3.1
1,아무 아무,3.1
1,랄라라,3.1
1,남자,3.1
1,안해,3.1
1,아지,3.1
1,생각 우리,3.1
1,그땐,3.0
1,피어,3.0
1,제발,2.9
1,채운,2.9
1,기억 사랑,2.9
1,그린,2.8
1,아직 사랑,2.7
1,존재,2.7
1,공기,2.6
1,얼마,2.6
1,화장,2.6
1,오늘 오늘,2.5
1,뭔가,2.5
1,자존심,2.4
1,중요,2.4
1,어안,2.4
1,진실,2.4
1,문자,2.3
1,어른,2.3
1,예감,2.3
1,감기,2.3
1,불빛,2.3
1,사람 사랑,2.3
1,연애,2.3
1,반대,2.3
1,아쉬움,2.3
1,조명,2.2
1,민하,2.2
1,달리,2.1
1,자연,2.1
1,따윈,2.1
1,아버,2.0
1,니지,1.9
1,별일,1.9
1,우리 헤어,1.9
1,시간 지나,1.9
1,갑자기,1.8
1,갈리,1.8
1,주치,1.8
1,온몸,1.8
1,물든,1.7
1,참고,1.7
1,오히려,1.7
1,방울,1.7
1,미래,1.7
1,정신,1.7
1,핑계,1.6
1,연하,1.6
1,해하,1.6
1,짜증,1.6
1,그림,1.6
1,조각,1.5
1,유일,1.5
1,시절,1.5
1,겨우,1.5
1,사소,1.5
1,완벽,1.5
1,원래,1.5
1,그거,1.5
1,취해,1.5
1,가시,1.4
1,한지,1.4
1,우리 추억,1.4
1,오른,1.4
1,며칠,1.4
1,사랑 사람,1.4
1,라지,1.3
1,하늘 위로,1.3
1,눈앞,1.3
1,창밖,1.3
1,여름,1.3
1,마음대로,1.2
1,장면,1.2
1,잡지,1.2
1,지난날,1.2
1,타오,1.2
1,전화기,1.2
1,지나 시간,1.2
1,지루,1.2
1,지금 어디,1.1
1,아무 의미,1.1
1,간지,1.1
1,미안 미안,1.0
1,미련,0.9
1,훗날,0.9
1,지기,0.9
1,희망,0.9
1,기회,0.9
1,맘껏,0.9
1,최고,0.9
1,확인,0.8
1,일도,0.8
1,먼지,0.8
1,여행,0.8
1,구름,0.8
1,나이,0.8
1,노력,0.7
1,자주,0.7
1,더라면,0.7
1,인생,0.7
1,사람과,0.7
1,연락,0.7
1,예전,0.7
1,지금 우리,0.7
1,하단,0.7
1,더니,0.7
1,관심,0.6
1,아무 생각,0.6
1,현실,0.6
1,어딘가,0.6
1,가로등,0.6
1,나야,0.6
1,그게,0.6
1,위험,0.6
1,멜로디,0.6
1,취한,0.6
1,하자,0.6
1,혼자 혼자,0.5
1,감정,0.5
1,빈자리,0.5
1,답던,0.5
1,당장,0.5
1,도망,0.5
1,음악,0.5
1,감당,0.4
1,주변,0.4
1,친구,0.4
1,고통,0.4
1,나니,0.4
1,자고,0.4
1,우리 우리,0.4
1,더러,0.4
1,습관,0.4
1,아름 답던,0.4
1,침묵,0.4
1,생각 생각,0.4
1,신경,0.4
1,흔적,0.4
1,시선,0.4
1,선명,0.4
1,잘못,0.3
1,사라 지지,0.3
1,청춘,0.3
1,파서,0.3
1,평소,0.3
1,드라마,0.3
1,일상,0.3
1,동네,0.3
1,만해,0.3
1,용서,0.3
1,피해,0.3
1,잠깐,0.3
1,우리 서로,0.3
1,시원,0.3
1,보석,0.3
1,단어,0.3
1,우리 사이,0.3
1,별로,0.3
1,몸짓,0.3
1,취하,0.3
1,건너,0.3
1,아래,0.3
1,매번,0.2
1,낯선,0.2
1,인정,0.2
1,태양,0.2
1,어제 오늘,0.2
1,무언가,0.2
1,바다,0.2
1,주말,0.2
1,니야,0.2
1,행동,0.2
1,어어,0.2
1,공간,0.2
1,사랑 모두,0.2
1,치기,0.2
1,차라리,0.2
1,었다,0.2
1,풍경,0.2
1,바닥,0.2
1,부러,0.2
1,가사,0.2
1,행복 행복,0.2
1,대한,0.2
1,상황,0.2
1,지구,0.2
1,확신,0.2
1,전혀,0.2
1,주머니,0.2
1,따라서,0.2
1,진짜,0.2
1,이건,0.2
1,오늘 내일,0.2
1,힘껏,0.2
1,환상,0.2
1,버스,0.2
1,따위,0.2
1,라가,0.2
1,대해,0.2
1,고요한,0.2
1,신발,0.2
1,라라라라,0.2
1,살랑,0.2
1,언덕,0.2
1,세상 사람,0.2
1,매력,0.2
1,하늘 아래,0.2
1,스물,0.2
1,색깔,0.2
1,자유,0.2
1,초콜릿,0.2
1,애매,0.2
1,지금 지금,0.2
1,제대로,0.2
1,맘대로,0.2
1,방안,0.2
1,불편,0.2
1,재미,0.2
1,그때 그때,0.2
1,구석,0.2
1,다른 사랑,0.2
1,오빠,0.2
1,선택,0.2
1,만큼 사랑,0.2
1,연기,0.2
1,우리 지금,0.2
1,정답,0.2
1,우리 이별,0.2
1,질투,0.2
1,아름 웠던,0.2
1,루루,0.2
1,사람 모두,0.2
1,어디 어디,0.2
1,질문,0.2
1,번호,0.2
1,아아,0.2
1,도착,0.2
1,얼음,0.2
1,어차피,0.2
1,단지,0.2
1,사람 사람,0.2
1,아직 아직,0.2
1,분위기,0.2
1,적당,0.2
1,침대,0.2
1,서울,0.2
1,정리,0.2
1,엄마,0.2
1,방법,0.2
1,햇빛,0.2
1,속도,0.2
1,어머,0.2
1,나나,0.2
1,날개,0.2
1,파란,0.2
1,다른 사람,0.2
1,하라,0.2
1,우리 기억,0.2
1,우주,0.2
1,아빠,0.2
1,도시,0.2
1,어간,0.2
1,여야,0.2
1,완전,0.2
1,모래,0.2
1,일단,0.2
1,그때 우리,0.2
1,여름밤,0.2
1,가끔 생각,0.2
1,성공,0.2
1,멋대로,0.2
1,리듬,0.2
1,사랑 이별,0.2
1,헤엄,0.2
1,연한,0.2
1,대화,0.2
1,거지,0.2
1,구나,0.2
1,시원 바람,0.2
1,대체,0.2
1,무대,0.2
1,제자리,0.2
1,과거,0.2
1,찬란,0.2
1,시간 시간,0.2
1,관계,0.2
1,화가,0.2
1,아무 일도,0.2
1,자유로,0.2
1,억지로,0.2
1,었어,0.2
1,변명,0.2
1,푸른,0.2
1,한강,0.2
1,데리,0.2
1,바로 지금,0.2
1,긴장,0.2
1,아아 아아,0.2
1,하하,0.2
1,하든,0.2
1,세계,0.2
1,여기저기,0.2
1,당하,0.2
1,높이,0.2
1,하필,0.2
1,난리,0.2
1,게임,0.2
1,허리,0.2
1,너희,0.2
1,나나 나나,0.2
1,나나 나나 나나,0.2
1,나나 나나 나나 나나,0.2
1,나나 나나 나나 나나 나나,0.2
1,반말,0.2
1,달라 달라,0.2
1,반말 반말,0.2
1,반말 반말 반말,0.2
1,반말 반말 반말 반말,0.2
1,반말 반말 반말 반말 반말,0.2
2,사랑,18068.2
2,사람,4893.7
2,눈물,3181.5
2,행복,2750.7
2,우리,2606.0
2,이별,2031.7
2,마음,1821.3
2,가슴,1760.8
2,세상,1734.9
2,아직,1689.4
2,미안,1373.2
2,바보,1347.1
2,만큼,1327.1
2,기억,1259.2
2,사랑 사랑,1189.9
2,헤어,1155.3
2,언제,1148.7
2,모습,1117.9
2,다른,1096.9
2,모두,1068.0
2,혼자,1051.2
2,이란,1008.4
2,시간,1000.7
2,생각,997.0
2,아무,986.7
2,위해,974.5
2,마지막,951.6
2,제발,946.0
2,상처,944.1
2,영원,923.1
2,우리 사랑,895.8
2,수가,885.2
2,면서,884.8
2,보고,880.4
2,어도,877.0
2,추억,825.5
2,서로,809.2
2,지금,800.2
2,한번,774.2
2,항상,729.9
2,때문,680.3
2,이유,680.0
2,어서,677.6
2,약속,644.6
2,아가,619.5
2,아픔,608.5
2,가지,598.4
2,후회,595.7
2,슬픔,590.7
2,처음,589.3
2,내겐,575.8
2,하니,548.0
2,해주,541.7
2,그게,529.8
2,조차,502.7
2,거짓말,502.5
2,조금,488.6
2,사랑 사람,478.0
2,라보,456.2
2,그녀,447.2
2,얼마나,442.2
2,전부,433.2
2,라서,425.8
2,그땐,423.5
2,도록,420.2
2,다리,419.3
2,그때,416.1
2,아주,409.2
2,사랑 우리,406.8
2,다른 사람,403.7
2,지나,398.6
2,오직,394.4
2,혹시,392.6
2,이해,392.2
2,사랑 이란,388.7
2,사람 사랑,387.1
2,미련,387.0
2,리지,379.7
2,가끔,375.1
2,잘못,362.6
2,는걸,362.4
2,순간,360.4
2,지도,356.8
2,다가,352.4
2,한단,348.8
2,자신,345.4
2,얘기,343.5
2,노래,339.2
2,고마,338.8
2,이대,336.9
2,아직 사랑,326.7
2,이제야,325.3
2,사람 사람,315.4
2,려고,314.7
2,이상,296.7
2,만난,294.9
2,래서,288.6
2,인걸,287.6
2,여자,287.5
2,남자,286.8
2,수록,284.2
2,한마디,282.3
2,수도,281.9
2,먼저,278.8
2,끝내,276.1
2,지지,272.0
2,사랑 한단,270.4
2,아보,270.2
2,이름,265.6
2,하자,264.5
2,용서,262.4
2,잡고,262.3
2,대도,262.3
2,차라리,256.7
2,매일,252.7
2,진심,249.9
2,오래,249.6
2,안녕,247.3
2,파도,246.8
2,그대로,246.7
2,기도,245.1
2,하루,243.8
2,지난,242.3
2,어쩌면,238.0
2,우리 헤어,236.2
2,잠시,233.8
2,지우,233.7
2,사랑 마음,230.5
2,운명,230.4
2,만남,226.9
2,그날,226.1
2,웃음,224.8
2,그리움,224.6
2,자꾸,222.9
2,친구,222.7
2,남아,222.3
2,시작,220.6
2,만날,220.5
2,가장,219.4
2,누군가,217.3
2,행복 행복,217.2
2,예전,215.2
2,야만,214.7
2,사랑 아직,213.7
2,지고,210.3
2,우연,206.5
2,간다,206.0
2,부디,205.0
2,말로,203.5
2,부족,202.8
2,세월,201.4
2,기적,200.4
2,걱정,200.1
2,사랑 만큼,198.2
2,동안,198.2
2,멀리,197.8
2,노력,197.4
2,달라,197.2
2,마다,196.2
2,때론,196.0
2,어디,195.1
2,사랑 기억,193.3
2,다른 사랑,193.2
2,나야,191.7
2,전화,191.2
2,소리,190.9
2,심장,189.5
2,미소,188.9
2,무엇,187.3
2,음으로,186.8
2,사랑 시간,186.0
2,만큼 사랑,185.2
2,듯이,183.6
2,사랑 이별,183.2
2,기대,182.4
2,의미,182.1
2,보지,177.6
2,사랑 행복,176.7
2,고백,175.0
2,원망,174.6
2,나라,174.6
2,안고,174.2
2,사랑 세상,173.6
2,눈빛,173.2
2,얼굴,172.8
2,외로움,170.4
2,자꾸만,169.7
2,마음 사랑,169.3
2,혼자 사랑,169.3
2,눈물 사랑,168.8
2,생각 사랑,168.2
2,위로,167.7
2,뒷모습,167.6
2,이도,166.1
2,자리,166.0
2,인연,165.8
2,영원 사랑,165.2
2,그것,165.0
2,미안 미안,164.7
2,아야,164.7
2,기만,161.5
2,평생,160.6
2,잡지,158.1
2,해지,158.0
2,행복 사랑,154.7
2,기쁨,152.3
2,목소리,152.0
2,번만,151.6
2,하라,150.7
2,아마,150.0
2,사랑 언제,148.9
2,사랑 지금,148.9
2,기억 사랑,148.2
2,여전,148.1
2,어진,148.0
2,었다,147.5
2,회하,147.2
2,서로 사랑,146.1
2,사랑 하니,146.1
2,사랑 아무,145.9
2,절대,145.4
2,세상 사랑,144.9
2,대신,144.8
2,사랑 영원,143.8
2,가슴 사랑,142.9
2,욕심,142.9
2,보이,142.8
2,충분,142.5
2,내야,141.7
2,우리 이별,141.2
2,소용,140.2
2,거짓,140.2
2,각하,140.2
2,지금 사랑,138.1
2,익숙,137.8
2,내지,137.5
2,사랑 눈물,136.8
2,결혼,135.9
2,사실,134.8
2,사랑 모두,134.6
2,지면,133.0
2,주기,132.8
2,주지,132.5
2,아름,131.3
2,외면,131.3
2,마저,131.3
2,라만,129.8
2,바보 사랑,128.9
2,길이,128.4
2,모자,126.3
2,내게로,125.4
2,이기,123.8
2,언제 사랑,121.9
2,가면,121.8
2,선물,121.3
2,하나로,121.2
2,건가,121.0
2,파서,121.0
2,대답,120.9
2,치도,120.3
2,허락,120.2
2,가슴속,119.8
2,었어,119.8
2,가라,119.8
2,준비,119.3
2,누굴,118.7
2,부탁,118.2
2,어떡,117.9
2,해하,116.3
2,오지,115.9
2,오늘,115.1
2,다짐,115.0
2,다린,114.8
2,사라,114.2
2,외로,114.2
2,고서,114.1
2,누가,114.0
2,니야,113.2
2,이나,113.0
2,세상 사람,110.0
2,이토,109.8
2,점점,109.4
2,불안,108.0
2,바로,108.0
2,사랑 노래,107.8
2,표현,106.0
2,더욱,104.8
2,한참,104.5
2,차마,104.0
2,이야기,103.1
2,진실,102.8
2,무너,102.8
2,돌이,102.4
2,사람 모두,101.6
2,어보,101.5
2,분명,101.1
2,감사,100.9
2,거란,100.2
2,고통,100.1
2,감정,99.4
2,하늘,99.3
2,라며,99.0
2,벌써,98.6
2,무슨,98.0
2,따윈,97.8
2,나이,97.6
2,지기,97.5
2,사람과,97.5
2,표정,96.6
2,더라면,96.3
2,어차피,95.7
2,나기,94.7
2,자고,94.6
2,소식,93.7
2,거리,93.5
2,아오지,93.2
2,원한,92.6
2,간절,92.0
2,얘길,92.0
2,하루하루,91.8
2,포기,91.3
2,가도,91.3
2,물어,90.8
2,이면,90.5
2,훗날,90.2
2,다음,89.9
2,역시,88.7
2,우리 서로,88.6
2,지게,88.3
2,홀로,87.7
2,여서,87.5
2,사랑 시작,86.9
2,가시,86.8
2,오랫동안,86.2
2,깊이,86.1
2,나인,85.8
2,나니,85.6
2,연인,85.2
2,일인,84.6
2,기다림,84.4
2,자존심,84.1
2,갈수록,83.7
2,하단,83.6
2,구나,83.3
2,입술,83.3
2,보이지,83.0
2,믿음,82.7
2,이상은,82.3
2,아직 아직,81.9
2,필요,81.8
2,을지,81.2
2,바람,79.8
2,가운,79.5
2,이지,79.0
2,반복,78.7
2,일어,77.8
2,참고,75.7
2,변명,75.7
2,편지,74.9
2,상관,74.0
2,여야,73.5
2,한숨,72.2
2,달래,72.1
2,외로워,71.2
2,다만,70.9
2,가득,70.8
2,갑자기,70.4
2,인사,70.2
2,전해,70.2
2,아내,69.5
2,만해,69.5
2,때로는,69.5
2,그거,68.7
2,기하,68.7
2,마치,68.5
2,어색,68.4
2,게로,68.0
2,무도,67.8
2,모습 그대로,67.3
2,어가,67.3
2,지난날,66.8
2,미래,66.6
2,서도,66.6
2,제일,66.3
2,만하,66.2
2,습관,66.0
2,오늘 사랑,66.0
2,하필,65.3
2,아들,64.8
2,차오,64.5
2,빈자리,64.4
2,하진,64.2
2,수만,63.9
2,숨기,63.7
2,보고 어서,63.7
2,시간 지나,62.9
2,고도,62.2
2,서서,62.1
2,다정,61.6
2,한순간,60.7
2,원래,60.3
2,솔직,60.3
2,갈라,60.2
2,용기,59.9
2,오래전,59.7
2,보기,59.4
2,내기,59.2
2,이번,59.1
2,겨우,59.0
2,며칠,58.6
2,다행,58.4
2,우릴,58.4
2,사람인,58.0
2,변치,57.9
2,린다,57.6
2,오히려,57.5
2,첫사랑,57.1
2,고장,56.7
2,는가,55.3
2,사진,55.1
2,기지,55.0
2,만약,54.4
2,인생,53.9
2,빌어,53.7
2,걸음,53.4
2,마음속,53.2
2,방울,53.1
2,영화,52.6
2,마음 모두,52.5
2,직하,52.5
2,희망,52.3
2,맘속,52.1
2,흔적,51.9
2,입맞춤,51.8
2,마디,50.9
2,간직,50.8
2,고개,50.5
2,일도,50.2
2,침묵,50.2
2,피하,50.0
2,마주,49.8
2,아직까지,49.6
2,지금 이대,49.4
2,거지,49.2
2,착각,49.1
2,모자라,48.8
2,보아,48.7
2,그림자,47.8
2,아버,47.8
2,취해,47.5
2,세상 우리,47.5
2,그동안,47.2
2,인지,47.1
2,도망,46.7
2,대체,46.3
2,핑계,46.2
2,축복,46.0
2,어제,45.2
2,부서,45.2
2,희미,45.1
2,단지,44.8
2,취한,44.8
2,기고,44.8
2,부러,44.1
2,오기,43.2
2,전하,42.8
2,문득,42.8
2,지네,42.6
2,치면,42.1
2,어른,41.9
2,얼마,41.5
2,서면,41.3
2,더라도,41.3
2,리도,41.1
2,머리,40.9
2,시절,40.7
2,부담,39.9
2,선택,39.9
2,도대체,39.9
2,연락,39.7
2,인정,39.6
2,특별,39.1
2,무릎,38.9
2,계속,38.7
2,라라라,38.6
2,은지,38.6
2,대한,38.5
2,순수,38.4
2,구들,38.0
2,방법,37.9
2,안해,37.9
2,가야,37.6
2,웠던,37.5
2,바라지,37.5
2,절대로,37.1
2,정도,37.0
2,가사,36.5
2,이처럼,36.5
2,가까이,36.1
2,오늘이,36.0
2,거울,35.8
2,라라,35.8
2,억지로,35.4
2,라라라라,35.3
2,화가,35.1
2,어찌,35.1
2,무심,35.1
2,따위,35.1
2,눈치,34.8
2,처음 만난,34.4
2,주저,34.3
2,손길,34.1
2,영혼,34.1
2,발걸음,34.0
2,감기,34.0
2,제대로,33.8
2,연습,33.7
2,일지,33.7
2,요즘,32.8
2,사랑 오늘,32.8
2,중요,32.4
2,설레임,31.1
2,힘껏,30.8
2,두려움,30.8
2,로만,30.5
2,어쩜,30.4
2,피해,30.4
2,웃기,29.9
2,과거,29.9
2,자랑,29.6
2,우리 추억,28.8
2,나로,28.7
2,유일,28.4
2,의심,28.0
2,감당,27.8
2,사이,27.8
2,더니,27.7
2,가오,27.6
2,요하,27.4
2,존재,27.4
2,주치,27.3
2,아하,27.2
2,예감,27.1
2,무얼,26.6
2,한지,26.6
2,말투,26.4
2,안부,26.2
2,마음 마음,26.0
2,생각 우리,26.0
2,어둠,26.0
2,자주,25.9
2,기회,25.6
2,자라,25.6
2,제자리,25.3
2,햇살,25.0
2,우리 우리,25.0
2,아침,25.0
2,대로,24.8
2,전화기,24.5
2,부신,24.4
2,장난,24.2
2,몰래,24.1
2,현실,24.1
2,조각,24.1
2,부시,23.9
2,아이,23.8
2,이건,23.7
2,대하,23.7
2,버릇,23.4
2,귓가,22.8
2,설명,22.7
2,마냥,22.5
2,숨결,22.1
2,한번 한번,22.1
2,서성,22.1
2,아쉬움,22.1
2,가요,21.7
2,멋대로,21.5
2,우지,21.5
2,까운,21.3
2,편안,20.8
2,이루,20.7
2,편이,20.2
2,아무 의미,20.2
2,가끔 생각,20.1
2,확인,19.8
2,드라마,19.7
2,화장,19.7
2,마음대로,19.4
2,옛날,19.3
2,가나,19.0
2,오해,18.8
2,멍하니,18.7
2,행운,18.6
2,주문,18.6
2,시리,18.5
2,맴도,18.3
2,온종일,18.3
2,실수,18.1
2,저리,18.0
2,연한,17.9
2,상상,17.8
2,어깨,17.7
2,매번,17.7
2,맑은,17.7
2,더러,17.5
2,사소,17.4
2,런가,17.1
2,관심,17.1
2,여주,17.1
2,보고 보고,17.0
2,담배,17.0
2,혼자 혼자,16.8
2,감고,16.5
2,반대,16.3
2,리기,16.3
2,내일,16.3
2,대화,15.7
2,속삭임,15.7
2,기억 우리,15.4
2,오랜만,15.0
2,그늘,15.0
2,여운,14.8
2,계절,14.6
2,천사,14.6
2,지루,14.5
2,온통,14.5
2,지금 우리,14.3
2,크게,14.2
2,니지,13.9
2,신경,13.8
2,멜로디,13.7
2,둘이서,13.3
2,노래 노래,13.3
2,진짜,13.1
2,행동,13.0
2,머릴,12.8
2,숨소리,12.7
2,주위,12.5
2,문자,12.5
2,밤새,12.5
2,정리,12.3
2,아지,12.3
2,빗물,12.0
2,가기,11.3
2,조그만,11.2
2,레이,11.0
2,굳이,10.9
2,겨울,10.8
2,어딘가,10.8
2,자기,10.8
2,번호,10.7
2,주변,10.5
2,아름 웠던,10.4
2,가게,10.0
2,향기,10.0
2,궁금,9.9
2,자꾸 생각,9.8
2,지금 어디,9.8
2,관계,9.8
2,불편,9.8
2,정답,9.6
2,자유로,9.6
2,장면,9.6
2,어간,9.3
2,사람 그대,9.1
2,잠깐,9.0
2,선명,8.9
2,시간 우리,8.8
2,확신,8.8
2,우울,8.7
2,우리 처음,8.7
2,눈앞,8.6
2,우리 시간,8.4
2,연하,8.3
2,움직,8.0
2,거릴,8.0
2,구석,8.0
2,지금 순간,7.6
2,적당,7.6
2,그대,7.6
2,주머니,7.6
2,질투,7.6
2,그때 우리,7.5
2,농담,7.4
2,리다,7.3
2,자유,7.1
2,보석,7.0
2,완전,6.9
2,짜증,6.5
2,다운,6.5
2,키스,6.4
2,낯선,6.3
2,무거,6.3
2,근대,6.3
2,채운,6.2
2,나타,6.1
2,당하,5.9
2,전혀,5.9
2,느낌,5.7
2,고민,5.7
2,엄마,5.6
2,지나 가면,5.4
2,손짓,5.4
2,꽃처럼,5.3
2,스레,5.1
2,상황,5.0
2,우리 지금,4.7
2,온몸,4.6
2,나무,4.6
2,대해,4.4
2,이상하,4.4
2,머릿속,4.4
2,갈리,4.3
2,너희,4.3
2,종이,4.2
2,어젯밤,4.2
2,별거,4.2
2,당장,4.0
2,평범,4.0
2,먼지,3.9
2,음악,3.9
2,정신,3.8
2,아무 생각,3.8
2,화려,3.8
2,지나 시간,3.7
2,서두,3.7
2,연기,3.6
2,최고,3.6
2,손끝,3.6
2,거기,3.6
2,거려,3.6
2,바닥,3.5
2,우산,3.5
2,커피,3.4
2,오늘밤,3.2
2,유난,3.2
2,근거리,3.2
2,햇빛,3.2
2,기분,3.1
2,사랑 사랑 사랑,3.1
2,마법,3.1
2,오후,3.1
2,여가,3.1
2,저녁,3.0
2,한잔,2.9
2,꽃잎,2.8
2,하나요,2.7
2,두드,2.6
2,별처럼,2.6
2,여행,2.6
2,비밀,2.6
2,근거,2.6
2,여기저기,2.5
2,온기,2.5
2,아름 다운,2.5
2,자연,2.5
2,랄라라,2.4
2,데리,2.3
2,금방,2.3
2,주인공,2.3
2,주네,2.2
2,스물,2.2
2,저기,2.2
2,거나,2.1
2,취하,2.1
2,손가락,2.0
2,하든,1.9
2,연애,1.9
2,치기,1.9
2,그대 사람,1.8
2,무언가,1.8
2,시선,1.8
2,살짝,1.8
2,망설,1.8
2,위험,1.8
2,완벽,1.7
2,동네,1.7
2,조심,1.7
2,카페,1.6
2,뒤척,1.5
2,공간,1.5
2,조금 조금,1.5
2,꿈속,1.5
2,시계,1.4
2,어안,1.4
2,시간 시간,1.3
2,봄날,1.3
2,아해,1.3
2,사랑 그대,1.2
2,질문,1.2
2,모래,1.2
2,성공,1.1
2,어요,1.1
2,애매,1.1
2,날개,1.1
2,하루 하루,1.0
2,새벽,1.0
2,맘대로,1.0
2,단어,0.9
2,핸드폰,0.9
2,평소,0.9
2,레게,0.8
2,버스,0.8
2,타고,0.7
2,활짝,0.7
2,지구,0.6
2,일상,0.5
2,우리 사이,0.5
2,뭔가,0.5
2,맘껏,0.5
2,지금 지금,0.5
2,문제,0.4
2,태양,0.4
2,너머,0.4
2,그대 사랑,0.3
2,두운,0.3
2,별로,0.3
2,생각 생각,0.3
2,소원,0.3
2,얼음,0.3
2,기억 기억,0.3
2,발자국,0.3
2,별일,0.3
2,밤하늘,0.3
2,찬란,0.3
2,종일,0.3
2,속도,0.3
2,그대만,0.3
2,불빛,0.3
2,답던,0.2
2,청춘,0.2
2,그대 기억,0.2
2,순간 순간,0.2
2,시원,0.2
2,눈동자,0.2
2,재미,0.2
2,긴장,0.2
2,아무 아무,0.2
2,주말,0.2
2,눈물 그대,0.2
2,건너,0.2
2,오늘 우리,0.2
2,아무 일도,0.2
2,달빛,0.2
2,하늘 아래,0.2
2,그림,0.2
2,밤새 도록,0.2
2,오늘 하루,0.2
2,냄새,0.2
2,하루 지나,0.2
2,바로 지금,0.2
2,단둘,0.2
2,아무 걱정,0.2
2,창가,0.2
2,게임,0.2
2,오빠,0.2
2,반짝,0.2
2,깜빡,0.2
2,라가,0.2
2,오른,0.2
2,노을,0.2
2,투명,0.2
2,발끝,0.2
2,안개,0.2
2,하루 종일,0.2
2,신발,0.2
2,우리 기억,0.2
2,낙엽,0.2
2,사뿐,0.2
2,물든,0.2
2,당신,0.2
2,갈래,0.2
2,아름 답던,0.2
2,따라서,0.2
2,어디 어디,0.2
2,불어,0.2
2,창문,0.2
2,피곤,0.2
2,언덕,0.2
2,멀리 멀리,0.2
2,바다,0.2
2,어깨 기대,0.2
2,달리,0.2
2,골목길,0.2
2,소녀,0.2
2,그때 그때,0.2
2,민하,0.2
2,바람 불어,0.2
2,고요,0.2
2,조금 다가,0.2
2,세상 아름,0.2
2,도착,0.2
2,환상,0.2
2,벚꽃,0.2
2,아빠,0.2
2,창밖,0.2
2,그린,0.2
2,달이,0.2
2,구름,0.2
2,가을,0.2
2,다가 다가,0.2
2,온도,0.2
2,방안,0.2
2,색깔,0.2
2,사라 지지,0.2
2,매일 매일,0.2
2,라지,0.2
2,고요한,0.2
2,올해,0.2
2,공기,0.2
2,몸짓,0.2
2,안녕 안녕,0.2
2,타오,0.2
2,하늘 위로,0.2
2,아래,0.2
2,세계,0.2
2,장미,0.2
2,오늘 내일,0.2
2,봄바람,0.2
2,조명,0.2
2,걸음 걸음,0.2
2,크리스마스,0.2
2,우주,0.2
2,피어,0.2
2,어제 오늘,0.2
2,파란,0.2
2,깜짝,0.2
2,사랑 어요,0.2
2,이불,0.2
2,생각 오늘,0.2
2,풍경,0.2
2,가로등,0.2
2,별빛,0.2
2,하하,0.2
2,침대,0.2
2,루루,0.2
2,어어,0.2
2,오늘 오늘,0.2
2,여름,0.2
2,어요 사랑,0.2
2,자꾸 자꾸,0.2
2,확실,0.2
2,날씨,0.2
2,망설 이지,0.2
2,무지개,0.2
2,간지,0.2
2,여름밤,0.2
2,한강,0.2
2,그대 우리,0.2
2,여요,0.2
2,머리 발끝,0.2
2,높이,0.2
2,아아,0.2
2,그대 모습,0.2
2,도시,0.2
2,마음 그대,0.2
2,허리,0.2
2,그대 영원,0.2
2,언제 그대,0.2
2,사랑 사랑 사랑 사랑,0.2
2,나나,0.2
2,서울,0.2
2,분위기,0.2
2,헤엄,0.2
2,그대 생각,0.2
2,야야,0.2
2,매력,0.2
2,무대,0.2
2,그대 세상,0.2
2,그대 마음,0.2
2,초콜릿,0.2
2,생각 그대,0.2
2,푸른,0.2
2,그대 얼굴,0.2
2,달라 달라,0.2
2,사랑 사랑 사랑 사랑 사랑,0.2
2,일단,0.2
2,그대 오늘,0.2
2,살랑,0.2
2,어요 그대,0.2
2,어머,0.2
2,오늘 그대,0.2
2,아아 아아,0.2
2,시원 바람,0.2
2,그대 그대,0.2
2,그대 어요,0.2
2,그대 미소,0.2
2,리듬,0.2
2,난리,0.2
2,나나 나나,0.2
2,나나 나나 나나 나나,0.2
2,나나 나나 나나,0.2
2,나나 나나 나나 나나 나나,0.2
2,그대 그대 그대,0.2
2,반말,0.2
2,반말 반말,0.2
2,반말 반말 반말,0.2
2,반말 반말 반말 반말,0.2
2,반말 반말 반말 반말 반말,0.2
3,지금,3609.4
3,매일,2358.5
3,어디,2248.0
3,생각,2202.0
3,오늘,1944.7
3,우리,1876.7
3,아무,1849.9
3,필요,1738.0
3,자꾸,1642.9
3,다른,1434.4
3,기분,1343.9
3,다가,1324.7
3,나나,1271.2
3,계속,1270.0
3,사람,1201.2
3,여자,1158.6
3,대로,1144.1
3,누가,1143.9
3,모두,1139.5
3,친구,1120.6
3,달라,1100.9
3,전부,1088.9
3,머리,1084.5
3,시간,1045.0
3,남자,1036.5
3,어서,977.0
3,사실,961.1
3,보고,960.3
3,진짜,953.2
3,걱정,931.7
3,조금,928.6
3,어도,926.1
3,느낌,920.1
3,그게,898.7
3,사이,895.6
3,나나 나나,888.2
3,아직,877.3
3,마음,873.2
3,이건,856.4
3,멀리,770.6
3,아하,757.2
3,혼자,751.2
3,얘기,730.5
3,지도,720.5
3,아주,719.9
3,전화,719.0
3,위해,717.6
3,이상,716.6
3,절대,710.3
3,나나 나나 나나,702.2
3,보이,678.5
3,고민,650.0
3,요즘,649.7
3,가지,649.1
3,언제,646.5
3,바로,641.8
3,무슨,637.8
3,잠깐,620.4
3,아마,618.1
3,어가,616.9
3,모습,614.9
3,면서,604.5
3,다음,591.9
3,나나 나나 나나 나나,584.2
3,시작,581.4
3,거기,574.9
3,얼굴,572.4
3,이지,572.1
3,세상,557.5
3,인생,554.5
3,준비,548.8
3,매일 매일,544.0
3,표정,541.9
3,먼저,541.7
3,이나,536.5
3,신경,518.0
3,듯이,515.0
3,솔직,514.0
3,마치,508.1
3,눈치,506.4
3,정신,499.0
3,나나 나나 나나 나나 나나,497.2
3,아가,491.4
3,내일,490.7
3,아아,483.2
3,니야,483.0
3,대체,482.7
3,소리,477.0
3,가끔,472.8
3,다리,472.6
3,자꾸만,469.4
3,점점,467.0
3,심장,466.8
3,뭔가,466.7
3,처음,463.6
3,음악,454.0
3,한번,450.1
3,보지,437.8
3,마다,436.9
3,때문,436.8
3,래서,430.9
3,물어,429.3
3,불안,427.6
3,엄마,427.2
3,수가,427.2
3,인지,424.4
3,노래,423.5
3,거리,419.2
3,하루,414.3
3,하니,413.8
3,입술,407.2
3,이대,404.6
3,항상,402.6
3,아해,401.8
3,혹시,401.1
3,순간,400.0
3,상관,390.7
3,시선,386.7
3,제일,386.4
3,리지,386.1
3,연락,383.0
3,이유,374.2
3,거울,370.5
3,원래,367.2
3,눈빛,366.6
3,완벽,364.7
3,미안,359.9
3,머릿속,359.6
3,문제,357.9
3,각하,355.4
3,감정,354.9
3,대답,352.2
3,이름,350.3
3,상상,350.0
3,려고,349.2
3,위험,342.3
3,제발,340.9
3,특별,339.8
3,우리 사이,339.0
3,어쩌면,338.1
3,자신,338.1
3,잡고,334.7
3,그대로,332.2
3,거짓말,332.0
3,정도,331.5
3,아침,323.4
3,말투,322.8
3,거지,322.6
3,움직,321.4
3,어차피,317.5
3,원한,312.7
3,관심,312.3
3,는걸,311.2
3,수록,310.3
3,도망,309.9
3,장난,309.0
3,진심,308.3
3,바보,306.0
3,위로,305.8
3,이해,304.7
3,만큼,298.4
3,이면,298.2
3,일어,297.6
3,갈래,294.6
3,달리,292.5
3,구들,288.2
3,도대체,288.1
3,몰래,287.5
3,어색,287.0
3,벌써,281.2
3,서울,280.2
3,표현,278.0
3,거나,276.5
3,분위기,275.9
3,맘대로,275.7
3,매력,272.8
3,수도,272.2
3,아야,269.5
3,완전,264.7
3,가면,261.5
3,멀리 멀리,260.7
3,기대,256.2
3,저기,254.8
3,재미,249.3
3,나이,248.4
3,어깨,247.3
3,자고,245.1
3,길이,243.9
3,영화,243.9
3,자리,242.1
3,어쩜,241.5
3,랄라라,239.8
3,반복,238.5
3,어른,236.8
3,역시,236.2
3,종일,235.7
3,기만,234.0
3,잘못,233.9
3,해지,233.2
3,아버,233.0
3,따윈,232.3
3,존재,231.0
3,보기,229.9
3,당장,229.4
3,행동,227.5
3,크게,227.3
3,현실,226.3
3,날씨,224.0
3,만약,223.7
3,매번,223.0
3,나야,222.5
3,가득,222.1
3,가도,221.9
3,후회,221.8
3,용기,221.3
3,망설,220.6
3,아아 아아,218.2
3,얼마나,217.4
3,조심,216.6
3,을지,215.4
3,설명,214.9
3,대신,214.3
3,말로,213.9
3,어디 어디,212.6
3,굳이,212.2
3,만해,211.5
3,갈리,210.9
3,선택,210.4
3,오빠,207.2
3,가사,204.8
3,아이,200.6
3,데리,200.4
3,라가,199.3
3,그녀,196.8
3,나타,196.2
3,무엇,195.6
3,밤새,195.2
3,피곤,192.5
3,일단,192.0
3,자연,191.3
3,착각,190.9
3,가기,190.3
3,더라도,190.3
3,충분,189.2
3,마주,188.7
3,지게,187.7
3,절대로,187.3
3,하루 종일,187.2
3,대해,186.5
3,연애,185.7
3,지나,184.4
3,주위,184.3
3,니지,183.0
3,멋대로,182.6
3,중요,181.9
3,숨기,181.8
3,누군가,180.1
3,의미,179.9
3,자기,179.1
3,예전,178.7
3,비밀,177.3
3,어제,176.8
3,주인공,175.4
3,성공,175.2
3,미소,175.0
3,확실,173.7
3,아보,173.6
3,발끝,173.5
3,최고,173.0
3,이번,171.9
3,기회,171.7
3,고서,171.6
3,전혀,171.3
3,살짝,171.0
3,고개,170.6
3,오지,170.6
3,주변,170.4
3,별로,168.4
3,지고,167.2
3,허리,167.1
3,오래,166.5
3,분명,166.2
3,하자,165.3
3,만하,162.7
3,문자,162.3
3,부족,162.2
3,웃음,161.2
3,해주,160.9
3,가야,160.6
3,난리,160.1
3,때론,159.2
3,게임,159.2
3,달라 달라,158.2
3,서로,157.6
3,방법,157.5
3,평생,157.4
3,너희,157.2
3,질투,155.6
3,여전,155.0
3,직하,153.1
3,가까이,152.6
3,은지,152.2
3,부러,152.1
3,주지,151.4
3,주말,151.3
3,무대,151.3
3,목소리,151.1
3,평범,150.4
3,감당,149.8
3,오직,148.8
3,실수,148.8
3,리듬,148.8
3,한잔,147.5
3,고백,147.3
3,아빠,146.7
3,미래,146.6
3,지금 어디,146.4
3,오해,146.3
3,보이지,146.2
3,취해,145.3
3,외로워,143.8
3,어보,143.0
3,이란,142.0
3,번호,142.0
3,대화,141.7
3,망설 이지,141.5
3,기도,141.4
3,침대,141.2
3,욕심,141.0
3,사진,140.9
3,갑자기,140.0
3,이상하,139.2
3,따위,139.1
3,질문,138.0
3,자랑,137.6
3,민하,137.6
3,내겐,136.9
3,피해,136.5
3,애매,136.3
3,바닥,136.1
3,단지,135.9
3,하든,135.6
3,한마디,135.6
3,지루,135.4
3,짜증,134.9
3,대도,134.7
3,연인,134.5
3,요하,134.2
3,적당,133.7
3,기지,133.7
3,무릎,132.9
3,불편,132.9
3,아들,132.4
3,서도,131.1
3,상처,130.7
3,나로,130.5
3,인정,130.4
3,그것,130.1
3,익숙,130.0
3,얼마,130.0
3,긴장,129.6
3,로만,129.1
3,얘길,129.0
3,하진,128.8
3,노력,128.0
3,지금 지금,127.5
3,색깔,127.4
3,타고,126.9
3,자유,126.8
3,빌어,126.7
3,내지,126.4
3,마지막,126.3
3,의심,125.9
3,머리 발끝,125.9
3,관계,125.4
3,치면,125.4
3,상황,125.2
3,아지,125.1
3,오늘밤,124.8
3,확인,123.6
3,확신,123.1
3,차라리,122.7
3,지지,122.1
3,당하,121.4
3,조차,120.5
3,금방,120.4
3,화가,120.4
3,어진,120.1
3,이불,119.4
3,단어,119.4
3,더니,118.9
3,자주,118.6
3,키스,118.6
3,드라마,118.4
3,포기,117.8
3,여기저기,117.0
3,마음대로,116.7
3,스물,116.4
3,나니,116.3
3,정답,116.1
3,제대로,115.5
3,행복,115.4
3,도시,115.1
3,핸드폰,114.8
3,아내,114.4
3,라보,113.2
3,그거,112.5
3,화장,111.6
3,어어,111.4
3,냄새,111.4
3,나기,110.7
3,거짓,110.7
3,시계,109.9
3,눈앞,109.8
3,걸음,109.8
3,반대,109.3
3,누굴,108.8
3,신발,108.5
3,라지,108.4
3,지구,108.2
3,이기,108.0
3,저리,107.5
3,피하,107.4
3,도록,107.1
3,건가,106.4
3,나라,105.6
3,자꾸 생각,105.3
3,더러,104.7
3,연기,103.7
3,는가,103.3
3,담배,103.0
3,속도,102.6
3,라서,101.9
3,마디,100.8
3,일지,100.2
3,잠시,99.5
3,사라,99.3
3,세계,99.3
3,취하,99.3
3,핑계,98.3
3,치기,97.9
3,연하,97.5
3,웃기,95.5
3,진실,94.7
3,새벽,94.7
3,여행,94.3
3,궁금,93.8
3,우릴,93.6
3,높이,93.5
3,마냥,93.2
3,맘껏,92.9
3,갈수록,92.6
3,해하,92.1
3,부담,91.8
3,간지,91.6
3,가라,91.5
3,어젯밤,90.9
3,농담,90.7
3,만난,89.8
3,안해,89.7
3,우리 지금,89.2
3,일상,89.0
3,야만,88.1
3,그림,88.0
3,대한,87.8
3,기고,87.3
3,마저,87.3
3,바로 지금,86.7
3,깜짝,86.5
3,지기,86.4
3,어찌,85.4
3,지금 우리,85.2
3,런가,85.0
3,동안,84.4
3,리기,84.1
3,여주,84.1
3,서면,84.0
3,이상은,83.7
3,손가락,83.2
3,한강,83.2
3,연한,83.0
3,공기,82.5
3,예감,82.4
3,대하,81.8
3,맘속,81.4
3,인사,80.7
3,종이,80.7
3,가슴,78.8
3,전화기,78.6
3,기적,77.9
3,둘이서,77.5
3,커피,76.9
3,지면,76.9
3,단둘,76.7
3,까운,76.6
3,별거,75.8
3,인걸,75.7
3,도착,75.3
3,억지로,75.2
3,동네,74.5
3,무언가,74.2
3,아무 생각,74.1
3,평소,74.1
3,참고,73.8
3,이처럼,73.7
3,나인,72.9
3,지금 이대,72.3
3,가게,72.2
3,연습,72.0
3,내기,71.0
3,머릴,70.3
3,가나,70.2
3,그린,69.7
3,바라지,69.7
3,기하,69.7
3,며칠,68.4
3,유일,68.1
3,만날,68.1
3,공간,67.7
3,화려,66.9
3,구석,66.3
3,고마,66.2
3,자라,65.9
3,하라,65.8
3,정리,65.3
3,약속,65.1
3,두드,65.0
3,어간,64.4
3,과거,64.4
3,간다,64.3
3,우주,64.3
3,아직까지,63.8
3,버릇,63.8
3,오기,63.4
3,청춘,63.3
3,그때,62.5
3,한지,61.7
3,어딘가,61.5
3,지금 순간,61.1
3,온종일,60.4
3,근대,60.0
3,안고,59.8
3,고장,59.8
3,감사,59.7
3,사랑,59.7
3,스레,59.1
3,모자라,58.7
3,사소,58.7
3,거란,58.4
3,먼지,57.3
3,깜빡,57.3
3,여서,57.1
3,서두,57.0
3,두려움,56.9
3,여운,56.7
3,오랜만,56.6
3,외로,56.4
3,얼음,55.6
3,깊이,54.5
3,전해,54.4
3,무거,54.3
3,근거,54.2
3,올해,53.9
3,더욱,53.2
3,취한,52.6
3,이루,51.3
3,운명,51.0
3,손짓,50.8
3,주기,50.7
3,오히려,50.7
3,하단,50.6
3,남아,50.6
3,잡지,50.3
3,하늘,49.9
3,거려,49.8
3,자존심,49.1
3,헤어,48.7
3,주문,48.7
3,하하,48.7
3,한숨,48.7
3,야야,47.9
3,하필,47.4
3,이도,47.2
3,주저,47.2
3,발걸음,46.8
3,온통,46.8
3,주머니,46.6
3,오랫동안,46.0
3,린다,45.8
3,가오,45.7
3,우지,45.6
3,사람인,45.6
3,한참,45.1
3,무얼,44.3
3,고통,44.2
3,감기,43.9
3,고도,43.5
3,회하,43.5
3,근거리,43.2
3,변명,43.1
3,내야,43.0
3,옛날,42.6
3,하나로,42.2
3,전하,42.0
3,때로는,41.6
3,온몸,41.5
3,낯선,41.4
3,라며,41.4
3,한순간,41.2
3,허락,41.2
3,주치,41.2
3,순수,40.3
3,게로,40.1
3,제자리,40.1
3,일도,40.0
3,가장,39.8
3,다행,39.6
3,소녀,39.2
3,무도,39.0
3,감고,38.9
3,이야기,38.6
3,환상,38.3
3,여야,38.2
3,헤엄,38.2
3,부탁,38.1
3,장면,37.7
3,오늘이,37.6
3,리도,36.6
3,희망,36.3
3,가운,36.1
3,겨우,36.1
3,영혼,36.0
3,활짝,35.7
3,영원,35.7
3,레게,35.5
3,생각 생각,34.9
3,천사,34.9
3,무너,34.8
3,가시,34.8
3,저녁,34.6
3,자유로,34.4
3,하루하루,33.9
3,소식,33.8
3,아무 걱정,33.7
3,다만,33.6
3,손끝,33.3
3,무심,33.1
3,카페,33.1
3,조명,32.9
3,사람과,32.8
3,파도,32.6
3,편안,32.4
3,자꾸 자꾸,31.7
3,우연,31.6
3,리다,31.0
3,구나,30.2
3,번만,29.7
3,온도,29.6
3,방안,29.6
3,소용,29.5
3,선물,29.4
3,이제야,29.1
3,맴도,28.4
3,편이,28.0
3,모자,27.6
3,선명,27.3
3,조금 다가,27.1
3,그림자,26.7
3,돌이,26.2
3,가요,26.2
3,지네,26.1
3,습관,26.0
3,내게로,25.9
3,바다,25.7
3,믿음,25.6
3,미련,25.2
3,오늘 내일,24.8
3,아무 아무,24.7
3,반짝,24.7
3,안부,24.3
3,창문,24.3
3,발자국,23.8
3,외로움,23.8
3,마법,23.6
3,햇빛,23.5
3,바람,23.4
3,달래,23.4
3,라만,23.3
3,다가 다가,22.9
3,어떡,22.9
3,별일,22.6
3,그동안,22.3
3,몸짓,22.1
3,홀로,21.7
3,우울,20.9
3,멜로디,20.7
3,설레임,20.6
3,꿈속,20.5
3,어안,20.3
3,거릴,20.2
3,지난,19.9
3,침묵,19.3
3,구름,18.7
3,오른,18.5
3,었어,18.4
3,조각,18.3
3,치도,18.2
3,아오지,18.1
3,혼자 혼자,17.7
3,다른 사람,17.7
3,어깨 기대,17.6
3,아직 아직,17.5
3,인연,17.3
3,다정,17.2
3,다린,17.1
3,소원,17.0
3,주네,16.9
3,달이,16.7
3,외면,16.6
3,보아,16.5
3,투명,16.3
3,눈동자,16.0
3,만남,15.8
3,마음속,15.8
3,그늘,15.7
3,축복,15.6
3,생각 오늘,15.4
3,첫사랑,15.1
3,안녕,14.9
3,차오,14.8
3,간절,14.8
3,음으로,14.5
3,건너,14.4
3,다짐,14.4
3,사람 모두,13.4
3,그땐,13.2
3,눈물,13.1
3,뒤척,12.9
3,부시,12.8
3,여가,12.7
3,두운,12.3
3,서서,12.3
3,밤새 도록,12.0
3,끝내,12.0
3,파서,12.0
3,기억,12.0
3,향기,11.9
3,일인,11.7
3,갈라,11.7
3,아무 의미,11.7
3,용서,11.5
3,기다림,11.5
3,어둠,11.3
3,오후,11.3
3,뒷모습,10.9
3,힘껏,10.8
3,시리,10.8
3,보석,9.8
3,숨소리,9.5
3,라라라라,9.5
3,유난,9.4
3,따라서,9.4
3,고요한,9.2
3,행운,9.0
3,미안 미안,9.0
3,멍하니,8.8
3,부서,8.8
3,었다,8.6
3,귓가,8.6
3,아쉬움,8.2
3,너머,8.1
3,시절,8.0
3,불빛,7.8
3,모습 그대로,7.8
3,오늘 우리,7.5
3,편지,7.5
3,사랑 노래,7.3
3,이토,6.8
3,창밖,6.5
3,레이,6.3
3,무지개,6.1
3,한단,6.0
3,봄날,5.8
3,벚꽃,5.7
3,버스,5.7
3,노래 노래,5.5
3,시원,5.4
3,원망,5.1
3,결혼,4.9
3,오래전,4.7
3,채운,4.6
3,아름,4.4
3,여름,4.4
3,라라,4.2
3,조그만,4.2
3,나무,4.1
3,오늘 하루,3.9
3,조금 조금,3.8
3,변치,3.8
3,어제 오늘,3.6
3,고요,3.5
3,밤하늘,3.5
3,빈자리,3.5
3,지우,3.4
3,서성,2.9
3,희미,2.8
3,사랑 지금,2.8
3,겨울,2.7
3,시간 지나,2.7
3,가로등,2.3
3,낙엽,2.2
3,안개,2.2
3,흔적,2.1
3,방울,2.0
3,사람 사람,2.0
3,아래,2.0
3,부신,1.9
3,세상 사람,1.9
3,생각 우리,1.8
3,파란,1.5
3,맑은,1.5
3,날개,1.3
3,마음 마음,1.3
3,문득,1.3
3,우산,1.3
3,차마,1.1
3,모래,1.0
3,불어,1.0
3,가을,1.0
3,어요,1.0
3,피어,1.0
3,온기,0.9
3,태양,0.9
3,세월,0.9
3,타오,0.8
3,우리 우리,0.8
3,가끔 생각,0.8
3,아무 일도,0.7
3,창가,0.7
3,언덕,0.7
3,수만,0.7
3,하늘 위로,0.7
3,보고 보고,0.6
3,다운,0.6
3,햇살,0.6
3,손길,0.5
3,하루 지나,0.5
3,라라라,0.5
3,골목길,0.4
3,계절,0.4
3,그날,0.4
3,사랑 아직,0.3
3,입맞춤,0.3
3,시간 우리,0.3
3,어머,0.3
3,풍경,0.3
3,마음 모두,0.3
3,추억,0.3
3,슬픔,0.3
3,부디,0.3
3,우리 시간,0.2
3,지난날,0.2
3,속삭임,0.2
3,아픔,0.2
3,물든,0.2
3,별빛,0.2
3,간직,0.2
3,웠던,0.2
3,이별,0.2
3,찬란,0.2
3,장미,0.2
3,더라면,0.2
3,오늘 오늘,0.2
3,기쁨,0.2
3,오늘 사랑,0.2
3,우리 서로,0.2
3,사라 지지,0.2
3,훗날,0.2
3,시간 시간,0.2
3,지금 사랑,0.2
3,우리 처음,0.2
3,보고 어서,0.2
3,루루,0.2
3,세상 우리,0.2
3,초콜릿,0.2
3,사뿐,0.2
3,사랑 시작,0.2
3,사랑 한단,0.2
3,걸음 걸음,0.2
3,숨결,0.2
3,순간 순간,0.2
3,마음 사랑,0.2
3,지나 가면,0.2
3,사랑 오늘,0.2
3,한번 한번,0.2
3,만큼 사랑,0.2
3,아름 웠던,0.2
3,별처럼,0.2
3,사랑 하니,0.2
3,봄바람,0.2
3,당신,0.2
3,세상 사랑,0.2
3,생각 사랑,0.2
3,살랑,0.2
3,노을,0.2
3,처음 만난,0.2
3,서로 사랑,0.2
3,기억 우리,0.2
3,사랑 마음,0.2
3,꽃잎,0.2
3,달빛,0.2
3,사랑 시간,0.2
3,세상 아름,0.2
3,여요,0.2
3,빗물,0.2
3,사랑 아무,0.2
3,시원 바람,0.2
3,그리움,0.2
3,여름밤,0.2
3,가슴속,0.2
3,사랑 이란,0.2
3,하나요,0.2
3,아름 다운,0.2
3,사랑 모두,0.2
3,언제 사랑,0.2
3,우리 사랑,0.2
3,꽃처럼,0.2
3,사랑 만큼,0.2
3,사랑 우리,0.2
3,아직 사랑,0.2
3,우리 추억,0.2
3,지나 시간,0.2
3,하늘 아래,0.2
3,사랑 사랑,0.2
3,그때 그때,0.2
3,사랑 언제,0.2
3,사랑 사람,0.2
3,그때 우리,0.2
3,영원 사랑,0.2
3,하루 하루,0.2
3,크리스마스,0.2
3,가슴 사랑,0.2
3,사랑 세상,0.2
3,바보 사랑,0.2
3,기억 기억,0.2
3,바람 불어,0.2
3,다른 사랑,0.2
3,사랑 행복,0.2
3,행복 사랑,0.2
3,우리 헤어,0.2
3,그대만,0.2
3,사람 사랑,0.2
3,우리 이별,0.2
3,그대,0.2
3,기억 사랑,0.2
3,푸른,0.2
3,그대 오늘,0.2
3,우리 기억,0.2
3,사랑 기억,0.2
3,그대 모습,0.2
3,눈물 사랑,0.2
3,혼자 사랑,0.2
3,반말,0.2
3,생각 그대,0.2
3,안녕 안녕,0.2
3,그대 생각,0.2
3,그대 얼굴,0.2
3,사랑 이별,0.2
3,사랑 사랑 사랑,0.2
3,그대 마음,0.2
3,그대 우리,0.2
3,행복 행복,0.2
3,사람 그대,0.2
3,사랑 영원,0.2
3,그대 미소,0.2
3,오늘 그대,0.2
3,언제 그대,0.2
3,그대 어요,0.2
3,마음 그대,0.2
3,어요 사랑,0.2
3,아름 답던,0.2
3,답던,0.2
3,그대 세상,0.2
3,그대 사람,0.2
3,어요 그대,0.2
3,그대 그대,0.2
3,사랑 눈물,0.2
3,눈물 그대,0.2
3,사랑 그대,0.2
3,사랑 어요,0.2
3,그대 기억,0.2
3,사랑 사랑 사랑 사랑,0.2
3,사랑 사랑 사랑 사랑 사랑,0.2
3,그대 사랑,0.2
3,그대 영원,0.2
3,그대 그대 그대,0.2
3,반말 반말,0.2
3,반말 반말 반말,0.2
3,반말 반말 반말 반말,0.2
3,반말 반말 반말 반말 반말,0.2
4,우리,7037.6
4,시간,5321.1
4,오늘,5081.7
4,생각,4647.4
4,하루,4067.9
4,기억,3852.8
4,마음,3803.1
4,아무,3772.1
4,지나,3323.1
4,그때,2282.1
4,혼자,2207.4
4,조금,2023.6
4,아직,1978.3
4,보고,1795.9
4,내일,1776.8
4,모습,1580.0
4,추억,1468.1
4,서로,1304.2
4,사라,1283.1
4,거리,1256.7
4,가끔,1108.1
4,여전,1072.6
4,남아,1038.9
4,지금,1035.2
4,다가,1024.7
4,매일,1004.8
4,모두,997.4
4,어제,960.8
4,언제,909.4
4,그날,905.8
4,어도,850.0
4,순간,841.1
4,자리,831.8
4,아침,809.4
4,노래,800.3
4,눈물,795.1
4,마주,737.8
4,아가,737.5
4,가득,736.4
4,겨울,722.4
4,잠시,708.8
4,어가,704.4
4,종일,688.2
4,얘기,665.3
4,익숙,663.4
4,사이,647.1
4,바람,636.7
4,지지,633.2
4,계절,631.2
4,그대로,630.5
4,기대,625.2
4,라보,620.4
4,얼굴,615.7
4,하루 종일,610.8
4,걸음,606.4
4,어디,594.6
4,다리,585.4
4,혹시,578.3
4,처음,576.3
4,행복,569.8
4,새벽,561.7
4,의미,560.8
4,아주,560.4
4,잡고,550.9
4,지고,550.8
4,자꾸,521.9
4,홀로,519.6
4,오늘 하루,517.0
4,시간 지나,513.3
4,어서,507.9
4,안녕,504.0
4,사람,502.1
4,다른,494.0
4,목소리,493.0
4,걱정,491.2
4,어진,490.8
4,한참,478.2
4,소리,460.8
4,문득,453.4
4,지난,448.3
4,마지막,442.2
4,우리 우리,441.6
4,크리스마스,440.0
4,지도,432.1
4,면서,432.0
4,해지,431.8
4,항상,421.4
4,점점,412.3
4,웃음,407.7
4,흔적,405.8
4,만큼,404.3
4,보이,397.1
4,선명,394.2
4,누군가,392.8
4,듯이,391.7
4,이면,389.9
4,한숨,386.2
4,이야기,384.3
4,가운,382.2
4,밤새,379.3
4,위로,372.7
4,표정,365.1
4,계속,360.1
4,아보,358.5
4,수가,355.1
4,후회,354.4
4,마다,354.0
4,오지,352.2
4,미소,352.0
4,가지,351.7
4,고서,342.5
4,어색,338.8
4,가도,338.2
4,멀리,336.2
4,이름,333.7
4,오래,333.1
4,약속,325.3
4,오늘이,324.6
4,사실,323.5
4,그땐,322.9
4,우리 시간,322.8
4,각하,322.8
4,시작,318.6
4,가면,316.2
4,오늘 오늘,314.9
4,그리움,313.9
4,감정,308.2
4,인사,306.7
4,멍하니,305.4
4,지우,305.3
4,사진,305.2
4,기분,304.8
4,지네,303.5
4,마저,302.5
4,벌써,301.7
4,내겐,299.8
4,외로,298.0
4,기만,293.7
4,향기,290.0
4,오늘 내일,288.5
4,아무 생각,284.2
4,만날,282.7
4,이대,280.7
4,감고,279.3
4,희미,275.8
4,일도,268.8
4,보이지,267.2
4,생각 생각,267.1
4,유난,267.1
4,커피,266.0
4,구나,264.4
4,우울,262.8
4,시절,261.8
4,아름,261.1
4,아지,259.7
4,기도,258.8
4,안고,257.5
4,이유,253.4
4,마음 마음,252.9
4,오랜만,250.9
4,하늘,249.7
4,이상,248.4
4,도록,246.5
4,반복,246.2
4,발걸음,245.4
4,하루하루,241.6
4,조차,239.9
4,서서,237.1
4,영화,231.9
4,얼마나,231.4
4,만난,228.9
4,공기,228.7
4,꿈속,228.0
4,마치,227.5
4,어딘가,225.5
4,우산,225.3
4,우리 추억,225.1
4,아마,224.1
4,우릴,218.5
4,지면,215.5
4,가슴,215.2
4,하루 지나,215.2
4,세상,214.1
4,동안,213.4
4,간다,210.6
4,전화,210.4
4,어제 오늘,209.8
4,는걸,209.7
4,무슨,208.4
4,가끔 생각,206.7
4,외로워,204.1
4,지기,202.5
4,자꾸만,201.2
4,웠던,200.3
4,하루 하루,200.1
4,습관,199.4
4,어쩌면,198.3
4,그때 우리,197.9
4,어보,197.8
4,헤어,196.7
4,시간 시간,196.6
4,바보,191.1
4,어른,191.0
4,일상,190.2
4,영원,188.4
4,아무 아무,187.8
4,지나 시간,187.7
4,온기,186.8
4,인지,186.2
4,불안,184.6
4,전부,184.5
4,저녁,183.4
4,우연,182.8
4,우리 서로,182.3
4,이나,181.8
4,조각,181.6
4,한잔,181.3
4,우리 기억,181.2
4,려고,179.4
4,시간 우리,179.2
4,날씨,178.5
4,공간,178.4
4,아무 일도,177.6
4,조금 조금,176.1
4,온통,175.0
4,달이,174.2
4,몰래,173.1
4,미련,172.7
4,버스,172.4
4,외로움,169.0
4,전하,168.2
4,한번,167.6
4,아픔,166.8
4,자고,164.7
4,뒷모습,163.8
4,그게,163.3
4,고개,161.5
4,두운,161.1
4,창문,160.4
4,이불,159.5
4,수도,159.0
4,보고 보고,156.7
4,기억 기억,156.6
4,햇살,156.3
4,고마,155.0
4,아무 의미,154.8
4,물어,154.4
4,고민,154.0
4,리지,153.8
4,서성,153.3
4,마음속,153.2
4,시계,153.1
4,보지,152.8
4,우리 사이,152.2
4,루루,152.1
4,달라,151.4
4,먼지,151.3
4,라서,150.5
4,린다,150.4
4,미안,149.8
4,요즘,147.7
4,머리,147.0
4,어깨,146.1
4,아름 웠던,145.9
4,답던,144.9
4,어둠,144.5
4,아름 답던,144.0
4,가기,142.7
4,빗물,141.9
4,간직,141.5
4,예전,141.2
4,거릴,140.8
4,지난날,139.3
4,기억 우리,139.3
4,끝내,138.4
4,수록,137.2
4,상처,136.9
4,필요,136.5
4,골목길,134.7
4,자꾸 생각,133.9
4,대답,133.6
4,뒤척,132.5
4,방안,132.5
4,잠깐,132.2
4,그때 그때,132.2
4,지나 가면,131.7
4,우리 처음,131.3
4,눈빛,131.2
4,창밖,131.1
4,돌이,130.8
4,길이,129.9
4,달래,129.5
4,맘속,128.4
4,거울,128.4
4,혼자 혼자,127.8
4,거짓말,127.0
4,어안,126.8
4,편안,125.9
4,오늘 우리,125.0
4,겨우,124.9
4,전해,124.4
4,침대,123.0
4,해주,122.6
4,아하,122.1
4,그림자,120.9
4,자라,120.3
4,가야,119.7
4,선물,119.3
4,아무 걱정,117.9
4,이별,117.5
4,걸음 걸음,117.2
4,동네,117.2
4,스레,116.4
4,아직까지,116.2
4,대도,115.3
4,생각 오늘,113.3
4,갑자기,112.8
4,리도,112.1
4,슬픔,111.2
4,오후,111.2
4,불빛,111.1
4,특별,110.6
4,일어,110.4
4,머릿속,110.4
4,내지,110.1
4,별일,110.0
4,제자리,109.4
4,아쉬움,109.2
4,고백,109.1
4,생각 우리,108.9
4,다짐,108.4
4,기고,108.3
4,사라 지지,108.2
4,가로등,107.2
4,아버,107.1
4,말투,107.1
4,무도,105.8
4,내야,105.5
4,마냥,105.2
4,용기,104.6
4,친구,104.6
4,을지,104.3
4,카페,104.3
4,주지,103.6
4,자주,103.5
4,가을,102.9
4,너머,102.7
4,수만,102.5
4,얘길,102.1
4,온종일,101.8
4,어젯밤,101.1
4,버릇,100.3
4,낯선,100.2
4,이란,99.1
4,설레임,98.5
4,무엇,98.3
4,처음 만난,97.8
4,진심,96.1
4,그림,96.1
4,고요,95.9
4,거기,95.5
4,입술,94.5
4,사소,94.0
4,취한,93.7
4,발자국,93.1
4,며칠,92.5
4,분명,92.4
4,부서,91.6
4,빈자리,91.5
4,무거,91.2
4,잡지,91.2
4,온도,90.9
4,이제야,89.9
4,주저,89.2
4,먼저,88.9
4,상상,88.6
4,전화기,88.0
4,밤하늘,87.2
4,무심,87.1
4,무너,87.0
4,맴도,86.8
4,이루,86.8
4,연한,86.7
4,나기,85.8
4,리다,85.8
4,이상하,85.4
4,음으로,85.2
4,때론,83.9
4,노을,83.9
4,연락,83.5
4,노력,82.6
4,뭔가,82.3
4,하자,82.1
4,차라리,81.8
4,대화,81.1
4,나타,80.3
4,다린,79.3
4,래서,79.1
4,게로,78.8
4,조그만,78.7
4,기다림,77.9
4,갈수록,77.1
4,구들,76.5
4,세월,76.5
4,낙엽,76.4
4,그린,76.2
4,이지,76.1
4,시리,75.2
4,마음 모두,75.0
4,숨기,74.7
4,인걸,74.7
4,시선,74.6
4,리기,74.2
4,가오,74.1
4,보고 어서,73.4
4,만남,73.2
4,한마디,73.1
4,따라서,72.1
4,대신,71.7
4,오기,71.6
4,더라면,71.5
4,서면,71.0
4,그동안,70.7
4,아내,70.6
4,가라,70.3
4,밤새 도록,69.8
4,은지,69.5
4,다정,69.0
4,취해,68.9
4,해하,68.8
4,준비,68.5
4,매번,68.4
4,안부,68.3
4,번호,67.9
4,조심,67.6
4,거란,67.0
4,미래,66.9
4,하니,66.2
4,별거,66.1
4,아오지,65.7
4,편이,65.6
4,더라도,65.4
4,여서,65.3
4,이도,65.1
4,주말,65.1
4,자연,64.5
4,음악,64.4
4,다행,64.4
4,숨소리,64.1
4,까운,64.0
4,정리,63.9
4,봄날,63.9
4,핑계,63.7
4,손길,62.9
4,소용,62.6
4,다음,62.5
4,지루,61.9
4,치면,61.8
4,지게,61.7
4,간절,61.3
4,기적,61.1
4,잘못,60.8
4,하진,60.8
4,깜빡,60.4
4,거나,60.2
4,자신,60.0
4,서도,60.0
4,여가,59.6
4,눈앞,59.5
4,귓가,59.5
4,사랑 오늘,59.1
4,지금 우리,58.8
4,구름,58.6
4,인연,58.0
4,느낌,57.9
4,일인,57.7
4,평소,57.5
4,그것,57.5
4,솔직,57.4
4,깊이,57.2
4,이해,57.0
4,모습 그대로,56.9
4,말로,56.8
4,손끝,56.3
4,눈치,56.2
4,꽃잎,55.9
4,멜로디,55.4
4,도망,55.3
4,가장,55.3
4,주치,55.1
4,편지,54.9
4,연기,54.9
4,가까이,53.4
4,냄새,53.3
4,가게,53.2
4,더욱,53.1
4,어깨 기대,53.0
4,피곤,52.3
4,한순간,52.3
4,위해,51.9
4,부디,51.8
4,도착,51.4
4,서두,51.1
4,다만,50.9
4,때문,50.9
4,반짝,50.7
4,오늘밤,50.6
4,나로,50.6
4,두드,50.4
4,풍경,50.4
4,감기,50.3
4,번만,50.0
4,맑은,49.8
4,차오,49.7
4,우리 지금,49.4
4,외면,49.2
4,데리,48.8
4,제일,48.6
4,내기,48.4
4,가사,48.3
4,때로는,48.2
4,연하,48.2
4,금방,48.0
4,구석,47.6
4,내게로,47.2
4,대하,47.2
4,나니,46.2
4,야만,46.1
4,파서,46.0
4,지금 어디,45.8
4,여주,45.4
4,기하,45.2
4,연습,45.0
4,라만,45.0
4,문자,44.7
4,아직 아직,44.2
4,충분,43.7
4,달리,43.6
4,소식,43.4
4,움직,43.3
4,억지로,43.2
4,입맞춤,43.2
4,불어,43.2
4,어간,42.7
4,나야,42.6
4,신발,41.9
4,고도,41.9
4,라며,41.7
4,방울,41.2
4,착각,40.9
4,한지,40.8
4,취하,40.6
4,모자,40.4
4,투명,39.5
4,누가,39.4
4,사랑,39.3
4,창가,39.2
4,아이,39.2
4,아야,39.1
4,더니,39.1
4,현실,38.7
4,옛날,38.3
4,상관,38.2
4,올해,38.1
4,차마,37.8
4,대로,37.8
4,고요한,37.5
4,안개,37.3
4,오히려,37.3
4,변명,36.8
4,회하,36.6
4,핸드폰,36.5
4,평범,36.4
4,벚꽃,36.4
4,건너,36.1
4,저기,35.8
4,농담,35.8
4,보기,35.8
4,오른,35.7
4,담배,35.5
4,정도,35.4
4,이처럼,35.2
4,전혀,34.9
4,변치,34.8
4,과거,33.9
4,정신,33.6
4,머릴,33.3
4,주위,33.3
4,주머니,33.1
4,근대,32.9
4,단어,32.9
4,부담,32.8
4,연인,32.7
4,오래전,32.5
4,장면,32.5
4,햇빛,32.5
4,무얼,32.4
4,언덕,32.1
4,채운,32.0
4,보아,32.0
4,고장,31.8
4,바닥,31.5
4,훗날,31.5
4,로만,31.0
4,망설,31.0
4,달빛,30.9
4,감사,30.8
4,비밀,30.7
4,별처럼,30.6
4,조금 다가,30.4
4,가시,30.0
4,존재,29.8
4,가나,29.8
4,직하,29.3
4,나무,29.3
4,대한,29.1
4,어차피,28.9
4,피어,28.8
4,마디,28.7
4,장난,28.6
4,침묵,28.5
4,종이,28.5
4,갈라,28.3
4,부족,28.1
4,바라지,27.9
4,굳이,27.4
4,질문,27.4
4,욕심,27.3
4,우지,27.2
4,갈래,27.1
4,중요,27.0
4,설명,26.8
4,일지,26.3
4,노래 노래,26.3
4,어쩜,26.2
4,역시,26.2
4,모래,26.1
4,거려,26.0
4,물든,25.9
4,표현,25.8
4,었어,25.7
4,만약,25.4
4,이기,25.0
4,파도,24.9
4,거지,24.8
4,두려움,24.7
4,우리 헤어,24.5
4,주네,24.5
4,아들,24.4
4,바로,24.3
4,재미,24.2
4,가요,24.1
4,매일 매일,24.0
4,치기,24.0
4,누굴,23.9
4,참고,23.5
4,근거,23.3
4,니야,23.2
4,피해,23.0
4,희망,22.9
4,손가락,22.6
4,단지,22.6
4,여행,22.3
4,원래,22.2
4,타고,22.1
4,자존심,22.1
4,한강,21.8
4,오해,21.6
4,속도,21.6
4,당장,21.6
4,모자라,21.5
4,건가,21.5
4,주기,21.0
4,레게,20.9
4,크게,20.9
4,하필,20.9
4,요하,20.5
4,얼마,20.5
4,환상,19.8
4,무언가,19.6
4,별로,19.6
4,지금 이대,19.0
4,심장,18.9
4,세상 우리,18.8
4,어찌,18.5
4,주인공,18.5
4,만해,18.4
4,피하,18.3
4,포기,18.1
4,봄바람,17.7
4,찬란,17.5
4,바람 불어,17.4
4,궁금,17.4
4,실수,17.2
4,는가,17.2
4,그거,17.1
4,대해,17.0
4,조명,17.0
4,치도,16.9
4,사람과,16.9
4,도대체,16.8
4,활짝,16.6
4,파란,16.5
4,만하,16.3
4,눈동자,16.3
4,적당,16.3
4,부시,15.4
4,여름,15.3
4,몸짓,15.3
4,부러,15.3
4,절대,15.1
4,순간 순간,15.1
4,원망,15.1
4,소원,15.0
4,민하,14.3
4,나이,14.0
4,스물,14.0
4,기지,13.8
4,첫사랑,13.7
4,살짝,13.1
4,하단,12.9
4,불편,12.7
4,여운,12.6
4,숨결,12.4
4,자유로,12.3
4,라가,12.1
4,나라,12.1
4,사람인,11.9
4,간지,11.7
4,이번,11.4
4,영혼,11.4
4,시원,11.4
4,단둘,11.3
4,믿음,11.2
4,부탁,11.1
4,부신,11.0
4,가슴속,11.0
4,웃기,10.9
4,둘이서,10.8
4,이상은,10.8
4,드라마,10.7
4,별빛,10.4
4,화가,10.1
4,짜증,10.0
4,방법,10.0
4,반대,9.7
4,힘껏,9.5
4,제발,9.4
4,도시,9.3
4,안해,9.1
4,우리 사랑,8.9
4,완벽,8.8
4,화려,8.6
4,근거리,8.5
4,손짓,8.3
4,확인,8.2
4,더러,8.0
4,이토,7.7
4,확신,7.5
4,상황,7.4
4,관계,7.4
4,순수,7.4
4,우리 이별,7.2
4,속삭임,7.0
4,갈리,6.9
4,키스,6.9
4,사랑 기억,6.7
4,꽃처럼,6.5
4,엄마,6.4
4,그늘,6.4
4,신경,6.2
4,기쁨,6.2
4,행동,6.1
4,아해,6.0
4,여기저기,6.0
4,오직,5.9
4,사랑 시간,5.8
4,니지,5.6
4,서울,5.5
4,따윈,5.2
4,마음대로,5.1
4,원한,5.0
4,발끝,5.0
4,하나로,4.8
4,나인,4.6
4,었다,4.4
4,운명,4.4
4,오랫동안,4.4
4,사람 모두,4.4
4,런가,4.0
4,연애,3.9
4,헤엄,3.9
4,분위기,3.8
4,자랑,3.7
4,거짓,3.6
4,오늘 사랑,3.6
4,결혼,3.5
4,레이,3.4
4,여야,3.4
4,아래,3.3
4,라지,3.3
4,이건,3.2
4,지금 순간,3.1
4,하하,3.1
4,주변,3.0
4,저리,3.0
4,얼음,2.9
4,고통,2.8
4,문제,2.7
4,사랑 우리,2.6
4,인정,2.5
4,정답,2.4
4,위험,2.4
4,너희,2.1
4,예감,2.0
4,망설 이지,1.7
4,평생,1.7
4,바다,1.6
4,한단,1.6
4,장미,1.6
4,허락,1.6
4,기억 사랑,1.5
4,확실,1.4
4,색깔,1.4
4,유일,1.4
4,우주,1.2
4,다른 사람,1.2
4,자기,1.2
4,온몸,1.1
4,자유,1.1
4,절대로,1.1
4,다운,1.0
4,기회,1.0
4,긴장,1.0
4,미안 미안,1.0
4,세계,0.9
4,다가 다가,0.9
4,무릎,0.9
4,아빠,0.9
4,인생,0.8
4,관심,0.8
4,제대로,0.8
4,그대,0.7
4,어요,0.6
4,사뿐,0.6
4,용서,0.6
4,행운,0.6
4,따위,0.6
4,하나요,0.5
4,어떡,0.5
4,아름 다운,0.5
4,보석,0.5
4,맘껏,0.4
4,의심,0.4
4,무지개,0.4
4,날개,0.4
4,빌어,0.4
4,일단,0.4
4,청춘,0.4
4,화장,0.3
4,그녀,0.3
4,대체,0.3
4,태양,0.3
4,지구,0.3
4,마음 사랑,0.3
4,맘대로,0.3
4,당하,0.3
4,생각 사랑,0.3
4,무대,0.3
4,주문,0.2
4,하든,0.2
4,행복 행복,0.2
4,사랑 모두,0.2
4,그대 기억,0.2
4,감당,0.2
4,하늘 위로,0.2
4,선택,0.2
4,소녀,0.2
4,축복,0.2
4,천사,0.2
4,사랑 아무,0.2
4,최고,0.2
4,그대 오늘,0.2
4,진실,0.2
4,여자,0.2
4,멋대로,0.2
4,하라,0.2
4,멀리 멀리,0.2
4,진짜,0.2
4,세상 사람,0.2
4,사랑 노래,0.2
4,허리,0.2
4,마법,0.2
4,사랑 시작,0.2
4,애매,0.2
4,하늘 아래,0.2
4,높이,0.2
4,혼자 사랑,0.2
4,안녕 안녕,0.2
4,랄라라,0.2
4,완전,0.2
4,한번 한번,0.2
4,자꾸 자꾸,0.2
4,서로 사랑,0.2
4,질투,0.2
4,그대 생각,0.2
4,사랑 아직,0.2
4,어디 어디,0.2
4,깜짝,0.2
4,사랑 마음,0.2
4,타오,0.2
4,지금 지금,0.2
4,여름밤,0.2
4,사랑 만큼,0.2
4,지금 사랑,0.2
4,라라라라,0.2
4,사랑 언제,0.2
4,바로 지금,0.2
4,생각 그대,0.2
4,사랑 이란,0.2
4,아직 사랑,0.2
4,아아,0.2
4,어어,0.2
4,언제 사랑,0.2
4,초콜릿,0.2
4,사람 사람,0.2
4,다른 사랑,0.2
4,그대 우리,0.2
4,당신,0.2
4,사랑 한단,0.2
4,리듬,0.2
4,여요,0.2
4,시원 바람,0.2
4,만큼 사랑,0.2
4,푸른,0.2
4,영원 사랑,0.2
4,성공,0.2
4,그대 모습,0.2
4,사랑 세상,0.2
4,사랑 행복,0.2
4,남자,0.2
4,그대 얼굴,0.2
4,사랑 지금,0.2
4,매력,0.2
4,눈물 사랑,0.2
4,바보 사랑,0.2
4,사랑 사랑,0.2
4,라라,0.2
4,마음 그대,0.2
4,세상 아름,0.2
4,행복 사랑,0.2
4,오늘 그대,0.2
4,사랑 이별,0.2
4,사랑 하니,0.2
4,세상 사랑,0.2
4,라라라,0.2
4,게임,0.2
4,사랑 영원,0.2
4,사랑 사람,0.2
4,그대 미소,0.2
4,나나,0.2
4,눈물 그대,0.2
4,머리 발끝,0.2
4,언제 그대,0.2
4,오빠,0.2
4,그대 마음,0.2
4,살랑,0.2
4,그대만,0.2
4,아아 아아,0.2
4,가슴 사랑,0.2
4,사람 그대,0.2
4,사랑 어요,0.2
4,달라 달라,0.2
4,사랑 사랑 사랑,0.2
4,어요 그대,0.2
4,난리,0.2
4,야야,0.2
4,그대 그대,0.2
4,그대 어요,0.2
4,사람 사랑,0.2
4,그대 영원,0.2
4,사랑 그대,0.2
4,그대 사람,0.2
4,그대 세상,0.2
4,사랑 눈물,0.2
4,그대 사랑,0.2
4,어요 사랑,0.2
4,그대 그대 그대,0.2
4,나나 나나,0.2
4,어머,0.2
4,나나 나나 나나,0.2
4,사랑 사랑 사랑 사랑,0.2
4,나나 나나 나나 나나,0.2
4,반말,0.2
4,사랑 사랑 사랑 사랑 사랑,0.2
4,나나 나나 나나 나나 나나,0.2
4,반말 반말,0.2
4,반말 반말 반말,0.2
4,반말 반말 반말 반말,0.2
4,반말 반말 반말 반말 반말,0.2
5,하늘,3075.0
5,순간,2623.1
5,아름,2542.7
5,바람,2524.8
5,세상,2475.4
5,우리,2089.0
5,가득,1664.2
5,지금,1584.0
5,노래,1519.4
5,다운,1390.2
5,아름 다운,1287.2
5,아래,1204.3
5,마음,1203.6
5,바다,1145.2
5,소리,1131.2
5,향기,1127.9
5,모두,1046.0
5,다가,1008.3
5,위로,1005.5
5,햇살,970.4
5,어디,957.4
5,반짝,957.0
5,영원,941.0
5,멀리,913.3
5,구름,899.7
5,어둠,857.9
5,그녀,847.4
5,불어,836.7
5,눈빛,835.4
5,미소,824.4
5,여름,793.9
5,기분,766.3
5,시간,758.3
5,언제,732.5
5,파도,687.4
5,겨울,664.0
5,어가,664.0
5,아가,650.1
5,느낌,633.9
5,우릴,626.0
5,피어,622.1
5,시작,613.9
5,마치,601.7
5,태양,600.1
5,거리,590.4
5,오늘,577.6
5,달빛,577.2
5,부신,567.7
5,라보,560.4
5,별빛,536.5
5,가슴,526.9
5,잡고,493.8
5,타고,489.4
5,밤하늘,488.1
5,도록,487.5
5,저기,486.6
5,입술,486.1
5,이름,469.5
5,이대,464.8
5,조금,462.6
5,높이,440.9
5,목소리,439.4
5,푸른,438.2
5,반말,430.2
5,게로,415.1
5,우주,413.1
5,도시,410.2
5,시원,406.7
5,마주,403.6
5,사라,400.0
5,깊이,394.9
5,가까이,394.8
5,라가,393.2
5,불빛,391.5
5,반말 반말,388.2
5,사이,386.6
5,서로,368.5
5,지금 순간,368.0
5,부시,367.7
5,아침,367.0
5,심장,366.5
5,바람 불어,366.0
5,모습,365.6
5,계절,362.6
5,내게로,361.1
5,반말 반말 반말,359.2
5,가장,358.1
5,어진,344.3
5,두운,334.9
5,아주,334.7
5,상상,330.7
5,반말 반말 반말 반말,330.2
5,비밀,318.6
5,걸음,317.7
5,안고,310.9
5,아지,308.8
5,라라라라,306.8
5,그대로,306.2
5,반말 반말 반말 반말 반말,303.2
5,머리,302.7
5,오직,301.5
5,기억,300.6
5,파란,295.6
5,가운,289.1
5,위해,287.7
5,노을,284.7
5,완벽,284.3
5,날개,282.0
5,매일,277.6
5,소원,277.2
5,찬란,275.8
5,바로,274.4
5,가을,271.7
5,꽃잎,271.0
5,여행,269.0
5,귓가,268.6
5,공기,268.0
5,꿈속,262.8
5,몰래,260.4
5,다른,257.2
5,아무,254.0
5,처음,252.7
5,수가,251.9
5,크게,251.0
5,점점,247.2
5,라라,244.8
5,아이,242.7
5,살짝,241.9
5,부서,241.7
5,어도,240.0
5,듯이,238.1
5,웃음,238.1
5,한번,236.1
5,운명,230.6
5,음악,229.2
5,라라라,227.4
5,어서,226.7
5,행복,225.8
5,숨결,225.5
5,사랑,225.5
5,너머,223.2
5,감고,222.3
5,지고,219.5
5,살랑,219.2
5,풍경,215.9
5,오늘밤,215.7
5,건너,213.0
5,멜로디,212.7
5,밤새,210.3
5,어깨,209.9
5,다리,207.9
5,낯선,206.8
5,헤엄,205.5
5,온몸,203.0
5,새벽,202.9
5,선물,200.3
5,하늘 위로,198.6
5,항상,197.0
5,달이,196.5
5,맘속,195.1
5,시선,193.6
5,어머,193.1
5,그림자,192.7
5,선명,192.3
5,여름밤,192.2
5,투명,190.9
5,세계,190.4
5,미래,190.3
5,지나,189.9
5,기대,189.7
5,사람,184.8
5,눈앞,182.8
5,나무,181.0
5,잠시,180.2
5,그림,180.1
5,온통,178.5
5,꽃처럼,178.0
5,유난,175.0
5,이야기,174.9
5,하늘 아래,174.2
5,별처럼,174.1
5,손길,173.7
5,온기,173.0
5,마다,171.9
5,그늘,170.3
5,얼굴,169.9
5,타오,169.6
5,내겐,168.6
5,마법,168.0
5,간지,166.5
5,맑은,166.1
5,보이,165.6
5,둘이서,165.3
5,영화,161.9
5,자유,158.8
5,조명,157.7
5,손끝,157.3
5,보이지,157.2
5,레이,155.7
5,시원 바람,155.2
5,눈동자,155.1
5,현실,154.2
5,계속,153.6
5,창문,153.5
5,갈래,153.4
5,마저,151.6
5,전부,151.5
5,준비,150.6
5,숨소리,148.9
5,하루,148.8
5,순간 순간,148.6
5,조각,148.4
5,초콜릿,148.2
5,소녀,147.8
5,만큼,147.4
5,일어,146.8
5,봄날,146.4
5,설레임,145.7
5,특별,143.8
5,리지,143.6
5,보고,143.3
5,안개,143.3
5,물든,142.9
5,몸짓,142.1
5,전해,142.0
5,움직,141.5
5,발걸음,139.4
5,화려,139.0
5,감정,137.0
5,수록,135.6
5,무지개,135.6
5,오후,134.0
5,리듬,132.6
5,더욱,132.1
5,어딘가,131.5
5,따라서,130.1
5,지지,129.7
5,이란,128.9
5,다린,128.4
5,아내,127.7
5,색깔,126.8
5,무대,126.1
5,창가,126.0
5,무엇,125.6
5,세상 아름,124.8
5,사뿐,123.6
5,근대,122.7
5,채운,121.3
5,장면,119.0
5,노래 노래,119.0
5,환상,117.5
5,오른,117.2
5,간직,116.8
5,속삭임,116.2
5,지구,115.7
5,슬픔,115.3
5,필요,115.0
5,활짝,114.3
5,공간,114.2
5,보석,113.4
5,고서,113.3
5,모래,112.5
5,이지,112.0
5,봄바람,111.7
5,가오,111.6
5,마음속,111.1
5,걱정,110.4
5,고백,110.3
5,얼음,109.0
5,오래,108.3
5,눈물,107.1
5,한번 한번,106.7
5,손짓,106.5
5,지네,105.0
5,힘껏,104.7
5,지면,104.0
5,햇빛,103.7
5,주인공,102.5
5,레게,102.3
5,취해,101.8
5,고요한,100.8
5,간다,99.6
5,언덕,97.7
5,희망,97.7
5,영혼,97.3
5,이처럼,96.7
5,두려움,95.9
5,용기,95.5
5,기적,95.0
5,달리,94.5
5,단둘,93.6
5,홀로,93.4
5,기고,92.9
5,청춘,92.8
5,밤새 도록,92.6
5,이면,92.0
5,기도,91.6
5,절대,91.1
5,주네,90.0
5,구나,89.9
5,때론,89.3
5,나기,87.7
5,유일,87.5
5,자유로,87.4
5,루루,87.3
5,발자국,87.2
5,지금 우리,86.9
5,약속,86.7
5,지게,86.3
5,차오,85.6
5,이상,85.2
5,고요,85.1
5,하하,84.9
5,자꾸,84.3
5,존재,84.0
5,충분,83.7
5,어제,83.3
5,가도,83.0
5,가로등,82.8
5,해지,79.3
5,지난,78.8
5,기쁨,78.3
5,가슴속,78.2
5,내일,78.2
5,침묵,76.6
5,만날,76.5
5,외로,76.2
5,만난,75.8
5,음으로,75.6
5,지도,75.1
5,길이,74.2
5,주문,73.7
5,어쩜,73.7
5,천사,72.0
5,날씨,71.7
5,얘기,71.4
5,이루,71.3
5,조차,70.0
5,나타,69.8
5,지금 이대,69.1
5,망설,68.5
5,이건,68.5
5,간절,68.4
5,이유,68.1
5,가면,67.9
5,추억,67.9
5,두드,67.6
5,가지,67.5
5,근거,66.8
5,는걸,66.1
5,더라도,65.8
5,평범,65.7
5,한강,65.6
5,허락,65.6
5,말로,65.5
5,취한,65.3
5,무릎,65.2
5,린다,63.9
5,고개,63.4
5,인걸,63.2
5,저녁,63.2
5,어쩌면,62.7
5,근거리,62.5
5,순수,62.4
5,오지,62.4
5,아하,61.6
5,해주,61.1
5,여주,61.0
5,가기,60.7
5,세상 우리,60.1
5,온도,60.1
5,여가,59.8
5,랄라라,59.6
5,스레,59.3
5,로만,59.0
5,손가락,58.6
5,표현,58.4
5,라서,57.9
5,주위,57.0
5,주머니,56.5
5,무거,56.4
5,깜짝,56.2
5,잠깐,56.0
5,창밖,55.9
5,하나로,55.8
5,축복,53.7
5,인지,53.5
5,문득,53.0
5,불안,53.0
5,뭔가,53.0
5,가시,53.0
5,조심,52.9
5,전하,52.9
5,물어,52.8
5,아직,52.3
5,서서,52.1
5,서도,51.6
5,누군가,51.4
5,오랫동안,51.3
5,자라,51.1
5,먼지,50.7
5,표정,49.3
5,아버,49.0
5,깜빡,48.8
5,제일,48.6
5,그게,48.5
5,벚꽃,48.4
5,아마,48.4
5,생각,48.2
5,아들,48.1
5,지루,48.1
5,장미,48.0
5,시계,48.0
5,치면,47.9
5,익숙,47.7
5,우연,47.4
5,온종일,47.3
5,연인,47.2
5,이기,47.1
5,웠던,47.0
5,일상,46.9
5,키스,46.9
5,자꾸만,46.3
5,이나,45.5
5,가라,45.4
5,수도,45.2
5,일지,45.1
5,바로 지금,44.6
5,낙엽,43.9
5,무언가,43.2
5,설명,42.4
5,냄새,42.2
5,대신,41.8
5,대도,41.4
5,머릴,41.3
5,그린,41.1
5,어보,40.7
5,커피,40.6
5,믿음,40.3
5,그리움,39.9
5,다정,39.8
5,자리,39.6
5,무얼,39.4
5,올해,39.0
5,도착,38.9
5,라지,38.8
5,행운,38.7
5,때로는,38.7
5,달라,38.4
5,방울,38.0
5,얼마나,37.9
5,포기,37.9
5,변치,37.8
5,바닥,37.7
5,조그만,37.5
5,기만,37.1
5,누가,37.0
5,그것,36.9
5,우지,36.5
5,기지,36.3
5,마냥,35.9
5,갈수록,35.8
5,다음,35.7
5,자연,35.6
5,각하,35.6
5,보지,35.5
5,맘껏,35.3
5,편지,35.1
5,마지막,35.1
5,맴도,35.0
5,대로,34.7
5,외로움,34.4
5,머릿속,34.1
5,오늘이,34.0
5,지기,33.7
5,모습 그대로,33.5
5,주기,33.1
5,발끝,32.8
5,진심,32.7
5,과거,32.6
5,우리 지금,32.5
5,입맞춤,32.3
5,인생,32.0
5,여전,31.7
5,오기,31.5
5,기다림,31.3
5,치기,31.0
5,어른,31.0
5,이토,30.7
5,걸음 걸음,30.3
5,조금 다가,30.3
5,고민,30.2
5,종일,30.1
5,희미,29.6
5,단어,29.5
5,어간,29.4
5,여운,29.1
5,어깨 기대,29.0
5,그날,28.9
5,보기,28.9
5,따윈,28.6
5,어젯밤,28.5
5,시리,28.5
5,옛날,28.3
5,안녕,28.1
5,거기,28.0
5,면서,27.7
5,주치,27.7
5,속도,27.3
5,망설 이지,27.1
5,어어,27.0
5,분위기,27.0
5,가야,26.6
5,혼자,26.6
5,리다,26.2
5,예감,26.1
5,세상 사람,25.7
5,사소,25.4
5,의미,25.3
5,분명,25.2
5,무너,25.1
5,사라 지지,25.1
5,시절,25.0
5,나라,25.0
5,상관,24.8
5,카페,24.7
5,갈라,24.6
5,상처,24.5
5,조금 조금,24.4
5,요하,24.2
5,마음 마음,24.0
5,오래전,23.3
5,제자리,23.0
5,부탁,22.6
5,고마,22.6
5,서두,22.5
5,가끔,22.5
5,원한,22.4
5,한숨,22.3
5,적당,22.2
5,그거,22.2
5,사진,22.2
5,거려,21.8
5,빌어,21.8
5,무심,21.6
5,거짓말,21.3
5,아보,20.8
5,벌써,20.8
5,도망,20.6
5,이제야,20.4
5,데리,20.4
5,편이,20.4
5,하루 종일,20.3
5,라만,20.2
5,어안,20.0
5,취하,19.7
5,혹시,19.5
5,무도,19.3
5,숨기,19.3
5,하루하루,19.2
5,피하,18.8
5,피해,18.8
5,주저,18.7
5,나야,18.7
5,침대,18.4
5,멍하니,18.4
5,다가 다가,18.3
5,아픔,18.1
5,솔직,18.1
5,따위,18.1
5,나인,17.5
5,거울,17.4
5,확실,17.3
5,중요,17.3
5,대답,17.2
5,긴장,17.0
5,내기,16.9
5,우리 서로,16.7
5,방안,16.5
5,나니,16.5
5,우리 사이,16.0
5,얘길,15.9
5,거릴,15.8
5,한순간,15.8
5,빗물,15.8
5,여야,15.7
5,종이,15.7
5,눈치,15.7
5,질투,15.4
5,니야,15.4
5,아름 웠던,15.3
5,가게,15.3
5,사랑 노래,15.2
5,먼저,15.1
5,달래,14.6
5,정답,14.6
5,여기저기,14.3
5,어찌,14.2
5,고도,14.1
5,을지,13.9
5,서울,13.9
5,지금 어디,13.9
5,감사,13.8
5,장난,13.8
5,신경,13.6
5,멋대로,13.5
5,인사,13.3
5,위험,13.0
5,이번,12.9
5,첫사랑,12.7
5,처음 만난,12.7
5,지금 지금,12.6
5,매력,12.5
5,사람 모두,12.5
5,그때,12.2
5,당하,12.2
5,재미,12.1
5,이불,11.9
5,진실,11.9
5,다만,11.7
5,편안,11.4
5,선택,11.3
5,완전,11.0
5,정신,10.9
5,세월,10.9
5,버스,10.8
5,무슨,10.8
5,우리 추억,10.5
5,농담,10.5
5,얼마,10.5
5,훗날,10.3
5,부러,10.3
5,외로워,10.2
5,수만,10.0
5,갑자기,10.0
5,구석,9.9
5,어디 어디,9.8
5,이상하,9.8
5,실수,9.7
5,시간 시간,9.6
5,아오지,9.6
5,다행,9.6
5,하자,9.5
5,지난날,9.5
5,금방,9.4
5,돌이,9.4
5,이해,9.4
5,반대,9.4
5,짜증,9.1
5,여서,8.8
5,우울,8.7
5,아야,8.6
5,만남,8.6
5,니지,8.6
5,엄마,8.5
5,대한,8.5
5,겨우,8.4
5,그땐,8.4
5,반복,8.3
5,허리,8.3
5,질문,8.2
5,신발,8.2
5,대하,7.9
5,화장,7.8
5,욕심,7.7
5,부족,7.6
5,연기,7.5
5,고통,7.4
5,끝내,7.3
5,부디,7.2
5,거란,7.1
5,내지,7.0
5,보아,6.9
5,고장,6.9
5,말투,6.9
5,서면,6.8
5,기회,6.8
5,거짓,6.8
5,굳이,6.7
5,어차피,6.6
5,감기,6.5
5,마디,6.5
5,모자라,6.5
5,절대로,6.5
5,때문,6.4
5,최고,6.3
5,자신,6.3
5,자고,6.2
5,궁금,6.2
5,어색,6.0
5,동안,6.0
5,마음 모두,5.9
5,세상 사랑,5.9
5,맘대로,5.9
5,사실,5.8
5,감당,5.7
5,까운,5.7
5,하진,5.7
5,마음대로,5.6
5,하니,5.6
5,별로,5.5
5,만약,5.4
5,참고,5.4
5,골목길,5.3
5,남아,5.2
5,야만,5.1
5,지나 가면,5.0
5,이상은,4.9
5,의심,4.9
5,사랑 이란,4.7
5,당장,4.6
5,단지,4.4
5,평생,4.3
5,하라,4.1
5,아빠,4.1
5,인연,4.0
5,한마디,4.0
5,이도,3.9
5,드라마,3.8
5,흔적,3.8
5,그동안,3.8
5,전혀,3.7
5,연하,3.4
5,방법,3.4
5,래서,3.3
5,웃기,3.3
5,해하,3.3
5,뒷모습,3.2
5,동네,3.2
5,우리 시간,3.1
5,내야,3.1
5,하든,3.0
5,헤어,3.0
5,기억 우리,2.8
5,담배,2.7
5,파서,2.7
5,소식,2.7
5,친구,2.6
5,머리 발끝,2.6
5,한참,2.6
5,리도,2.5
5,안부,2.5
5,직하,2.5
5,만하,2.4
5,다짐,2.4
5,확신,2.4
5,주지,2.3
5,대화,2.2
5,일도,2.2
5,사랑 세상,2.1
5,착각,2.1
5,갈리,2.1
5,행동,2.1
5,가요,2.0
5,대해,1.9
5,아해,1.9
5,제발,1.9
5,더니,1.8
5,전화기,1.7
5,주변,1.7
5,민하,1.7
5,정도,1.7
5,사랑 지금,1.6
5,그대,1.6
5,아직까지,1.5
5,역시,1.5
5,모자,1.5
5,구들,1.4
5,더러,1.4
5,치도,1.4
5,나로,1.3
5,지우,1.3
5,후회,1.3
5,보고 어서,1.2
5,거나,1.2
5,리기,1.1
5,자기,1.1
5,런가,1.1
5,오늘 우리,1.1
5,바보,1.1
5,핑계,1.1
5,자랑,1.0
5,억지로,1.0
5,사랑 우리,1.0
5,었어,0.9
5,오히려,0.9
5,외면,0.9
5,가나,0.8
5,제대로,0.8
5,려고,0.8
5,원래,0.8
5,바라지,0.7
5,사랑 모두,0.7
5,핸드폰,0.7
5,버릇,0.7
5,는가,0.7
5,매번,0.6
5,건가,0.6
5,우산,0.6
5,차라리,0.6
5,도대체,0.6
5,지금 사랑,0.5
5,문제,0.5
5,불편,0.5
5,확인,0.5
5,뒤척,0.5
5,여자,0.5
5,한잔,0.5
5,회하,0.5
5,피곤,0.5
5,한지,0.4
5,남자,0.4
5,대체,0.4
5,누굴,0.4
5,전화,0.4
5,만해,0.4
5,기하,0.3
5,별일,0.3
5,사랑 영원,0.3
5,난리,0.3
5,인정,0.3
5,우리 사랑,0.3
5,오랜만,0.3
5,진짜,0.3
5,시간 우리,0.3
5,당신,0.3
5,정리,0.3
5,결혼,0.3
5,잘못,0.2
5,아무 걱정,0.2
5,원망,0.2
5,멀리 멀리,0.2
5,가사,0.2
5,사랑 오늘,0.2
5,어요,0.2
5,스물,0.2
5,요즘,0.2
5,생각 우리,0.2
5,은지,0.2
5,너희,0.2
5,용서,0.2
5,예전,0.2
5,사랑 언제,0.2
5,연습,0.2
5,행복 사랑,0.2
5,사랑 시작,0.2
5,야야,0.2
5,미안,0.2
5,습관,0.2
5,관심,0.2
5,화가,0.2
5,매일 매일,0.2
5,생각 오늘,0.2
5,연한,0.2
5,며칠,0.2
5,크리스마스,0.2
5,오빠,0.2
5,오늘 내일,0.2
5,라며,0.2
5,서성,0.2
5,부담,0.2
5,거지,0.2
5,오늘 하루,0.2
5,우리 처음,0.2
5,우리 우리,0.2
5,일단,0.2
5,오늘 사랑,0.2
5,아아,0.2
5,잡지,0.2
5,답던,0.2
5,오늘 오늘,0.2
5,일인,0.2
5,미련,0.2
5,아무 의미,0.2
5,영원 사랑,0.2
5,아름 답던,0.2
5,그대 미소,0.2
5,었다,0.2
5,안해,0.2
5,하필,0.2
5,기억 기억,0.2
5,소용,0.2
5,평소,0.2
5,아쉬움,0.2
5,번만,0.2
5,지나 시간,0.2
5,나이,0.2
5,기억 사랑,0.2
5,사랑 행복,0.2
5,별거,0.2
5,사랑 시간,0.2
5,아무 생각,0.2
5,마음 사랑,0.2
5,연애,0.2
5,관계,0.2
5,오해,0.2
5,사랑 마음,0.2
5,주말,0.2
5,어제 오늘,0.2
5,하단,0.2
5,상황,0.2
5,저리,0.2
5,언제 사랑,0.2
5,아무 아무,0.2
5,우리 기억,0.2
5,사람인,0.2
5,차마,0.2
5,한단,0.2
5,생각 사랑,0.2
5,시간 지나,0.2
5,사랑 만큼,0.2
5,그때 우리,0.2
5,자존심,0.2
5,사람과,0.2
5,하루 하루,0.2
5,이별,0.2
5,빈자리,0.2
5,그대 우리,0.2
5,사랑 기억,0.2
5,문자,0.2
5,그대 세상,0.2
5,아아 아아,0.2
5,자꾸 생각,0.2
5,게임,0.2
5,변명,0.2
5,자주,0.2
5,아무 일도,0.2
5,아직 아직,0.2
5,나나,0.2
5,어떡,0.2
5,자꾸 자꾸,0.2
5,그대 영원,0.2
5,보고 보고,0.2
5,만큼 사랑,0.2
5,서로 사랑,0.2
5,눈물 사랑,0.2
5,가슴 사랑,0.2
5,사랑 아직,0.2
5,하나요,0.2
5,노력,0.2
5,여요,0.2
5,다른 사람,0.2
5,사랑 아무,0.2
5,사랑 한단,0.2
5,행복 행복,0.2
5,생각 생각,0.2
5,사랑 사랑,0.2
5,사랑 눈물,0.2
5,성공,0.2
5,사람 사람,0.2
5,안녕 안녕,0.2
5,사랑 사람,0.2
5,혼자 혼자,0.2
5,더라면,0.2
5,어요 사랑,0.2
5,그대만,0.2
5,사랑 하니,0.2
5,그대 모습,0.2
5,하루 지나,0.2
5,연락,0.2
5,그대 기억,0.2
5,눈물 그대,0.2
5,가끔 생각,0.2
5,그대 사람,0.2
5,사람 사랑,0.2
5,혼자 사랑,0.2
5,언제 그대,0.2
5,번호,0.2
5,아직 사랑,0.2
5,애매,0.2
5,그대 마음,0.2
5,우리 헤어,0.2
5,마음 그대,0.2
5,우리 이별,0.2
5,그대 어요,0.2
5,미안 미안,0.2
5,그대 생각,0.2
5,나나 나나,0.2
5,그대 오늘,0.2
5,오늘 그대,0.2
5,그대 얼굴,0.2
5,사랑 그대,0.2
5,다른 사랑,0.2
5,바보 사랑,0.2
5,사랑 이별,0.2
5,그대 사랑,0.2
5,그대 그대,0.2
5,사랑 사랑 사랑,0.2
5,그때 그때,0.2
5,사람 그대,0.2
5,생각 그대,0.2
5,어요 그대,0.2
5,나나 나나 나나,0.2
5,사랑 어요,0.2
5,나나 나나 나나 나나,0.2
5,그대 그대 그대,0.2
5,나나 나나 나나 나나 나나,0.2
5,사랑 사랑 사랑 사랑,0.2
5,달라 달라,0.2
5,사랑 사랑 사랑 사랑 사랑,0.2
